悪化,増悪,退転,,,,,,,,,,,,,,,,,,,,,,,,,,,,,,,,,,,,,,,,,
言い返す,抗弁する,,,,,,,,,,,,,,,,,,,,,,,,,,,,,,,,,,,,,,,,,,
言いなり,いいなり,,,,,,,,,,,,,,,,,,,,,,,,,,,,,,,,,,,,,,,,,,
言い訳,弁解,申し訳,言訳,弁疏,言分け,釈明,弁明,,,,,,,,,,,,,,,,,,,,,,,,,,,,,,,,,,,,
怒り,激怒,憤り,憤激,憤怒,憤慨,激憤,,,,,,,,,,,,,,,,,,,,,,,,,,,,,,,,,,,,,
痛み,悲しみ,悲嘆,悲哀,傷心,哀傷,愁傷,,,,,,,,,,,,,,,,,,,,,,,,,,,,,,,,,,,,,
痛む,痛める,苦しむ,損なう,,,,,,,,,,,,,,,,,,,,,,,,,,,,,,,,,,,,,,,,
嫌がらせ,いやがらせ,,,,,,,,,,,,,,,,,,,,,,,,,,,,,,,,,,,,,,,,,,
うとうと,ウトウト,,,,,,,,,,,,,,,,,,,,,,,,,,,,,,,,,,,,,,,,,,
追いやる,追い出す,放り出す,追い立てる,追い払う,打ち払う,たたき出す,弾き出す,払い出す,叩き出す,追いたてる,追立てる,追っ払う,討払う,弾出す,撃払う,除する,追っ立てる,追い散らす,追い遣る,ほうりだす,打ちはらう,追っぱらう,遣らう,撃ち払う,去なす,打払う,追いちらす,討ち払う,追い散す,追いはらう,いぶり出す,,,,,,,,,,,,
犯す,働く,仕出来す,仕出かす,,,,,,,,,,,,,,,,,,,,,,,,,,,,,,,,,,,,,,,,
恐れる,畏れる,憂える,案ずる,危ぶむ,怖れる,びくつく,不安がる,,,,,,,,,,,,,,,,,,,,,,,,,,,,,,,,,,,,
落ち込む,落ちる,下がる,下る,落っこちる,落る,,,,,,,,,,,,,,,,,,,,,,,,,,,,,,,,,,,,,,
過酷,シビア,,,,,,,,,,,,,,,,,,,,,,,,,,,,,,,,,,,,,,,,,,
我慢,辛抱,忍耐,,,,,,,,,,,,,,,,,,,,,,,,,,,,,,,,,,,,,,,,,
棄権,リタイア,,,,,,,,,,,,,,,,,,,,,,,,,,,,,,,,,,,,,,,,,,
厳しい,きつい,,,,,,,,,,,,,,,,,,,,,,,,,,,,,,,,,,,,,,,,,,
虐待,虐遇,酷遇,,,,,,,,,,,,,,,,,,,,,,,,,,,,,,,,,,,,,,,,,
脅迫,きょーはく,,,,,,,,,,,,,,,,,,,,,,,,,,,,,,,,,,,,,,,,,,
恐怖,畏怖,,,,,,,,,,,,,,,,,,,,,,,,,,,,,,,,,,,,,,,,,,
馬鹿,間抜け,ばか,愚鈍,阿呆,愚劣,阿房,あほう,,,,,,,,,,,,,,,,,,,,,,,,,,,,,,,,,,,,
口答え,口ごたえ,,,,,,,愚純,,,,,,,,,,,,,,,,,,,,,,,,,,,,,,,,,,,
悔やむ,悔いる,思い残す,恨む,惜しむ,怨む,憾む,悔む,,,,,,,,,,,,,,,,,,,,,,,,,,,,,,,,,,,,
蒙る,受ける,被る,堪える,,,,,口おしがる,悔しがる,口惜しがる,残念がる,無念がる,思い置く,,,,,,,,,,,,,,,,,,,,,,,,,,,,,,
懸念,心配,憂慮,危惧,おそれ,虞,気掛かり,不安感,,,,,,,,,,,,,,,,,,,,,,,,,,,,,,,,,,,,
不具合,欠陥,故障,,,,,,,,,,,,,,,,,,,,,,,,,,,,,,,,,,,,,,,,,
結局,挙句,挙げ句,,,,,,,,,,,,,,,,,,,,,,,,,,,,,,,,,,,,,,,,,
行動,行為,振る舞い,,,,,,,,,,,,,,,,,,,,,,,,,,,,,,,,,,,,,,,,,
食う,喰う,食べる,食らう,食する,食む,喫する,召す,頂く,召上る,召し上る,召上がる,召し上がる,召しあがる,,,,,,,,,,,,,,,,,,,,,,,,,,,,,,
刑務所,けーむしょ,,,,,,,,,,,,,,,,,,,,,,,,,,,,,,,,,,,,,,,,,,
後悔,こーかい,,,,,,,,,,,,,,,,,,,,,,,,,,,,,,,,,,,,,,,,,,
殺す,刺す,,,,,,,,,,,,,,,,,,,,,,,,,,,,,,,,,,,,,,,,,,
ワースト,最悪,最低,,,,,,,,,,,,,,,,,,,,,,,,,,,,,,,,,,,,,,,,,
差別,さべつ,,,,,,,,,,,,,,,,,,,,,,,,,,,,,,,,,,,,,,,,,,
強いる,しいる,,,,,,,,,,,,,,,,,,,,,,,,,,,,,,,,,,,,,,,,,,
借金,借財,前借,拝借,貸出,貸出し,借用,借貸,借り貸し,,,,,,,,,,,,,,,,,,,,,,,,,,,,,,,,,,,
傷害,しょーがい,,,,,,,,,,,,,,,,,,,,,,,,,,,,,,,,,,,,,,,,,,
しょっちゅう,しょっちゅー,,,,,,,,,,,,,,,,,,,,,,,,,,,,,,,,,,,,,,,,,,
シリアス,深刻,まじめ,,,,,,,,,,,,,,,,,,,,,,,,,,,,,,,,,,,,,,,,,
生死,生き死に,,,,,,,,,,,,,,,,,,,,,,,,,,,,,,,,,,,,,,,,,,
セクハラ,せくはら,,,,,,,,,,,,,,,,,,,,,,,,,,,,,,,,,,,,,,,,,,
責める,難じる,,,,,,,,,,,,,,,,,,,,,,,,,,,,,,,,,,,,,,,,,,
退場,退出,,,,,,,,,,,,,,,,,,,,,,,,,,,,,,,,,,,,,,,,,,
死亡,死去,死没,絶命,他界,逝去,,,,,,,,,,,,,,,,,,,,,,,,,,,,,,,,,,,,,,
体罰,たいばつ,,,,,,,,,,,,,,,,,,,,,,,,,,,,,,,,,,,,,,,,,,
逮捕,検挙,,,,,,,,,,,,,,,,,,,,,,,,,,,,,,,,,,,,,,,,,,
黙る,つぐむ,黙りこくる,黙する,,,,,,,,,,,,,,,,,,,,,,,,,,,,,,,,,,,,,,,,
罪,悪行,非行,悪事,,,,,,,,,,,,,,,,,,,,,,,,,,,,,,,,,,,,,,,,
長引く,滞る,遅れ,,,,,,,,,,,,,,,,,,,,,,,,,,,,,,,,,,,,,,,,,
嘆く,息づく,歎く,息衝く,,,,,,,,,,,,,,,,,,,,,,,,,,,,,,,,,,,,,,,,
憎む,にくむ,,,,,,,,,,,,,,,,,,,,,,,,,,,,,,,,,,,,,,,,,,
寝たきり,ねたきり,,,,,,,,,,,,,,,,,,,,,,,,,,,,,,,,,,,,,,,,,,
激しい,はげしー,,,,,,,,,,,,,,,,,,,,,,,,,,,,,,,,,,,,,,,,,,
恥,恥辱,汚名,不名誉,汚辱,汚点,不評,恥晒し,名折れ,面汚,恥曝し,不評判,不面目,面汚し,顔汚,恥さらし,会稽,,,,,,,,,,,,,,,,,,,,,,,,,,,
ばれる,暴く,,,,,,,,,,,,,,,,,,,,,,,,,,,,,,,,,,,,,,,,,,
反抗,抵抗,,,,,,,,,,,,,,,,,,,,,,,,,,,,,,,,,,,,,,,,,,
反則,違反,犯罪,侵害,違背,悪業,違犯,,,,,,,,,,,,,,,,,,,,,,,,,,,,,,,,,,,,,
引き起こす,もたらす,生ずる,来たす,齎す,産む,齎らす,,,,,,,,,,,,,,,,,,,,,,,,,,,,,,,,,,,,,
悲惨,ミゼラブル,,,,,,,,,,,,,,,,,,,,,,,,,,,,,,,,,,,,,,,,,,
不快,不愉快,不祥,厭やらしい,うっとうしげ,嫌らしげ,気うとい,鬱陶しげ,,,,,,,,,,,,,,,,,,,,,,,,,,,,,,,,,,,,
不潔,卑猥,淫猥,猥褻,卑わい,鄙猥,猥ら,婬猥,,,,,,,,,,,,,,,,,,,,,,,,,,,,,,,,,,,,
不公平,不平等,差別的,,,,,,,,,,,,,,,,,,,,,,,,,,,,,,,,,,,,,,,,,
不注意,油断,,,,,,,,,,,,,,,,,,,,,,,,,,,,,,,,,,,,,,,,,,
不満,不満足,,,,,,,,,,,,,,,,,,,,,,,,,,,,,,,,,,,,,,,,,,
不利,,,,,,,,,,,,,,,,,,,,,,,,,,,,,,,,,,,,,,,,,,,
平気,沈着,平静,泰然たる,悠悠たる,自若たる,平然たる,悠揚たる,従容たる,淡然たる,深沈たる,悠々たる,,,,,,,,,,,,,,,,,,,,,,,,,,,,,,,,
乱暴,バイオレンス,暴力,ヴァイオレンス,,,,,,,,,,,,,,,,,,,,,,,,,,,,,,,,,,,,,,,,
醜い,みにくい,,,,,,,,,,,,,,,,,,,,,,,,,,,,,,,,,,,,,,,,,,
見逃す,見過ごす,見落とす,見すごす,見逃がす,見外す,見逸れる,見遁す,見落す,見過す,見のがす,読過す,読み過ごす,読みすごす,見流す,見おとす,,,,,,,,,,,,,,,,,,,,,,,,,,,,
黙殺,無視,スルー,,,,,,,,,,,,,,,,,,,,,,,,,,,,,,,,,,,,,,,,,
無神経,,,,,,,,,,,,,,,,,,,,,,,,,,,,,,,,,,,,,,,,,,,
レッテル,ラベル,付箋,荷札,レーベル,表示,下げ札,付札,付票,付け札,附箋,附票,,,,,,,,,,,,,,,,,,,,,,,,,,,,,,,,
わざと,,,,,,,,,,,,,,,,,,,,,,,,,,,,,,,,,,,,,,,,,,,
起因,引き金,原因,きっかけ,,,,,,,,,,,,,,,,,,,,,,,,,,,,,,,,,,,,,,,,
病気,疾病,疾患,,,,,,,,,,,,,,,,,,,,,,,,,,,,,,,,,,,,,,,,,
不穏,危険,物騒,,,,,,,,,,,,,,,,,,,,,,,,,,,,,,,,,,,,,,,,,
亡くなる,死ぬ,しぬ,,,,,,,,,,,,,,,,,,,,,,,,,,,,,,,,,,,,,,,,,
厳しい,きびしー,,,,,,,,,,,,,,,,,,,,,,,,,,,,,,,,,,,,,,,,,,
裁判,判決,裁決,刑罰,裁き,審判,審査,判断,批判,ジャッジメント,判定,鑑識,知恵,聡明,明敏,物心,智慧,捌き,分別,智恵,聰明,,,,,,,,,,,,,,,,,,,,,,,
重い,おもい,,,,,,,,,,,,,,,,,,,,,,,,,,,,,,,,,,,,,,,,,,
避ける,逃れる,ずるっこける,,,,,,,,,,,,,,,,,,,,,,,,,,,,,,,,,,,,,,,,,
痛い,いたい,,,,,,,,,,,,,,,,,,,,,,,,,,,,,,,,,,,,,,,,,,
トラブル,問題,,,,,,,,,,,,,,,,,,,,,,,,,,,,,,,,,,,,,,,,,,
苦しい,くるしー,,,,,,,,,,,,,,,,,,,,,,,,,,,,,,,,,,,,,,,,,,
陥る,入る,,,,,,,,,,,,,,,,,,,,,,,,,,,,,,,,,,,,,,,,,,
詰まる,縮まる,縮める,縮む,狭める,切り詰める,,,,,,,,,,,,,,,,,,,,,,,,,,,,,,,,,,,,,,
自害,自決,自殺,自死,,,,,,,,,,,,,,,,,,,,,,,,,,,,,,,,,,,,,,,,
恐ろしい,おそろしー,,,,,,,,,,,,,,,,,,,,,,,,,,,,,,,,,,,,,,,,,,
倒れる,ぶっ倒れる,倒れこむ,頽れる,仆れる,殪れる,仆れこむ,,,,,,,,,,,,,,,,,,,,,,,,,,,,,,,,,,,,,
覚悟,,,,,,,,,,,,,,,,,,,,,,,,,,,,,,,,,,,,,,,,,,,
苦しみ,,,,,,,,,,,,,,,,,,,,,,,,,,,,,,,,,,,,,,,,,,,
リストラ,レイオフ,解雇,お払い箱,リストラクチャリング,首切り,首斬り,肩たたき,肩叩き,リストラクチュアリング,,,,,,,,,,,,,,,,,,,,,,,,,,,,,,,,,,
傷つける,傷付ける,害する,損う,疵つける,毒する,疵付ける,損じる,,,,,,,,,,,,,,,,,,,,,,,,,,,,,,,,,,,,
晒す,曝す,,,,,,,,,,,,,,,,,,,,,,,,,,,,,,,,,,,,,,,,,,
繰り返し,幾重にも,打ち返し,しきりと,頻りと,打返し,いくえにも,,,,,,,,,,,,,,,,,,,,,,,,,,,,,,,,,,,,,
遭う,聴入れる,聴き入れる,聞入れる,,,,,,,,,,,,,,,,,,,,,,,,,,,,,,,,,,,,,,,,
招く,引き起す,,,,,,,,,,,,,,,,,,,,,,,,,,,,,,,,,,,,,,,,,,
加害,毀損,損害,損壊,損傷,破損,打撃,荼毒,き損,毀傷,,,,,,,,,,,,,,,,,,,,,,,,,,,,,,,,,,
果て,,,,,,,,,,,,,,,,,,,,,,,,,,,,,,,,,,,,,,,,,,,
不当,不正,不明朗,失当,偏頗,アンフェア,,,,,,,,,,,,,,,,,,,,,,,,,,,,,,,,,,,,,,
免れる,逃げ出す,逃げる,抜け出す,逃げだす,抜け出る,抜ける,抜出す,脱出す,脱けだす,抜出る,逃出す,逃がれる,遁げる,脱ける,脱け出る,逃奔,逃げ失せる,逃げ去る,脱け出す,ずらかる,抜けでる,遁げ出す,脱出る,逃げ走る,,,,,,,,,,,,,,,,,,,
死刑,処刑,,,,,,,,,,,,,,,,,,,,,,,,,,,,,,,,,,,,,,,,,,
不利益,,,,,,,,,,,,,,,,,,,,,,,,,,,,,,,,,,,,,,,,,,,
汚い,きたない,,,,,,,,,,,,,,,,,,,,,,,,,,,,,,,,,,,,,,,,,,
追い込む,,,,,,,,,,,,,,,,,,,,,,,,,,,,,,,,,,,,,,,,,,,
警告,ウォーニング,ウオーニング,ワーニング,,,,,,,,,,,,,,,,,,,,,,,,,,,,,,,,,,,,,,,,
不倫,浮気,,,,,,,,,,,,,,,,,,,,,,,,,,,,,,,,,,,,,,,,,,
苦痛,激痛,倒懸,苦しさ,苦辛,,,,,,,,,,,,,,,,,,,,,,,,,,,,,,,,,,,,,,,
嫌がる,嫌う,厭う,忌み嫌う,厭がる,,,,,,,,,,,,,,,,,,,,,,,,,,,,,,,,,,,,,,,
殴る,なぐる,,,,,,,,,,,,,,,,,,,,,,,,,,,,,,,,,,,,,,,,,,
不信,,,,,,,,,,,,,,,,,,,,,,,,,,,,,,,,,,,,,,,,,,,
絶望,悲観,失望,自棄,銷魂,絶念,,,,,,,,,,,,,,,,,,,,,,,,,,,,,,,,,,,,,,
偏見,偏執,偏り,バイアス,偏愛,傾向,成心,依估,バイヤス,片寄り,依怙,僻見,,,,,,,,,,,,,,,,,,,,,,,,,,,,,,,,
悟る,気づく,気付く,感じ取る,見抜く,察する,感じとる,捕える,捕らえる,判る,分る,めっける,勘づく,かぎ分ける,嗅ぎわける,気色取る,心付く,感付く,目っける,心づく,聴取る,感づく,勘付く,見取る,,,,,,,,,,,,,,,,,,,,
引きずる,保つ,続ける,伸ばす,延ばす,持切る,保する,持ち切る,引張る,長める,引摺る,引き摺る,ぶっ続ける,,,,,,,,,,,,,,,,,,,,,,,,,,,,,,,
拘束,束縛,,,,,,,,,,,,,,,,,,,,,,,,,,,,,,,,,,,,,,,,,,
故意,害心,,,,,,,,,,,,,,,,,,,,,,,,,,,,,,,,,,,,,,,,,,
罰金,ペナルティ,ペナルティー,,,,,,,,,,,,,,,,,,,,,,,,,,,,,,,,,,,,,,,,,
吐き気,,,,,,,,,,,,,,,,,,,,,,,,,,,,,,,,,,,,,,,,,,,
あげく,揚句,揚げ句,,,,,,,,,,,,,,,,,,,,,,,,,,,,,,,,,,,,,,,,,
追いつめる,追い詰める,追いかける,追い掛ける,追っ掛ける,,,,,,,,,,,,,,,,,,,,,,,,,,,,,,,,,,,,,,,
処分,料理,掌理,処理,処弁,,,,,,,,,,,,,,,,,,,,,,,,,,,,,,,,,,,,,,,
容赦,赦免,,,,,,,,,,,,,,,,,,,,,,,,,,,,,,,,,,,,,,,,,,
トラップ,罠,ワナ,,,,,,,,,,,,,,,,,,,,,,,,,,,,,,,,,,,,,,,,,
愚か,,,,,,,,,,,,,,,,,,,,,,,,,,,,,,,,,,,,,,,,,,,
後遺症,こーいしょー,,,,,,,,,,,,,,,,,,,,,,,,,,,,,,,,,,,,,,,,,,
止む,止まる,終る,終わる,済む,了する,止る,,,,,,,,,,,,,,,,,,,,,,,,,,,,,,,,,,,,,
罪悪,罪業,不善,不浄,罪科,罪過,辜,,,,,,,,,,,,,,,,,,,,,,,,,,,,,,,,,,,,,
悪質,凶悪,悪辣,極悪,邪悪,腹黒,極道,よこしま,邪ま,罪作り,悪らつ,兇悪,,,,,,,,,,,,,,,,,,,,,,,,,,,,,,,,
苦しめる,,,,,,,,,,,,,,,,,,,,,,,,,,,,,,,,,,,,,,,,,,,
火傷,やけど,,,,,,,,,,,,,,,,,,,,,,,,,,,,,,,,,,,,,,,,,,
さっさと,,,,,,,,,,,,,,,,,,,,,,,,,,,,,,,,,,,,,,,,,,,
流産,死産,堕胎,中絶,,,,,,,,,,,,,,,,,,,,,,,,,,,,,,,,,,,,,,,,
妨害,邪魔,阻害,,,,,,,,,,,,,,,,,,,,,,,,,,,,,,,,,,,,,,,,,
トラウマ,心的外傷,,,,,,,,,,,,,,,,,,,,,,,,,,,,,,,,,,,,,,,,,,
散々,さんざん,,,,,,,,,,,,,,,,,,,,,,,,,,,,,,,,,,,,,,,,,,
神経症,しんけーしょー,,,,,,,,,,,,,,,,,,,,,,,,,,,,,,,,,,,,,,,,,,
悪口,陰口,,,,,,,,,,,,,,,,,,,,,,,,,,,,,,,,,,,,,,,,,,
嫌悪,けんお,,,,,,,,,,,,,,,,,,,,,,,,,,,,,,,,,,,,,,,,,,
悪循環,,,,,,,,,,,,,,,,,,,,,,,,,,,,,,,,,,,,,,,,,,,
制裁,処罰,,,,,,,,,,,,,,,,,,,,,,,,,,,,,,,,,,,,,,,,,,
理不尽,りふじん,,,,,,,,,,,,,,,,,,,,,,,,,,,,,,,,,,,,,,,,,,
未払い,未納,滞納,怠納,未入金,,,,,,,,,,,,,,,,,,,,,,,,,,,,,,,,,,,,,,,
苦悩,くのー,,,,,,,,,,,,,,,,,,,,,,,,,,,,,,,,,,,,,,,,,,
脅し,脅す,脅かす,,,,,,,,,,,,,,,,,,,,,,,,,,,,,,,,,,,,,,,,,
捕虜,俘虜,虜囚,囚人,人質,獄囚,刑徒,囚われ人,囚徒,,,,,,,,,,,,,,,,,,,,,,,,,,,,,,,,,,,
残酷,,,,,,,,,,,,,,,,,,,,,,,,,,,,,,,,,,,,,,,,,,,
ジェラシー,嫉妬,やきもち,,,,,,,,,,,,,,,,,,,,,,,,,,,,,,,,,,,,,,,,,
腫れる,,,,,,,,,,,,,,,,,,,,,,,,,,,,,,,,,,,,,,,,,,,
潰れる,崩れ落ちる,崩れる,潰える,崩れ去る,,,,,,,,,,,,,,,,,,,,,,,,,,,,,,,,,,,,,,,
可哀想,かわいそう,気の毒,哀れ,憐れ,不憫,無残,無惨,可哀相,不愍,お気の毒,御気の毒,気のどく,,,,,,,,,,,,,,,,,,,,,,,,,,,,,,,
強要,強迫,無理強い,強制,,,,,,,,,,,,,,,,,,,,,,,,,,,,,,,,,,,,,,,,
疑惑,疑い,疑念,嫌疑,疑心,懐疑,疑り,予感,直観,直感,予覚,直覚,,,,,,,,,,,,,,,,,,,,,,,,,,,,,,,,
有罪,,,,,,,,,,,,,,,,,,,,,,,,,,,,,,,,,,,,,,,,,,,
発覚,露見,暴露,ばらす,露呈,,,,,,,,,,,,,,,,,,,,,,,,,,,,,,,,,,,,,,,
極端,極度,エクストリーム,,,,,,,,,,,,,,,,,,,,,,,,,,,,,,,,,,,,,,,,,
見捨てる,裏切る,背く,裏返る,裏ぎる,,,,,,,,,,,,,,,,,,,,,,,,,,,,,,,,,,,,,,,
敗北,敗戦,,,,,,,,,,,,,,,,,,,,,,,,,,,,,,,,,,,,,,,,,,
暴行,強姦,レイプ,凌辱,陵辱,,,,,,,,,,,,,,,,,,,,,,,,,,,,,,,,,,,,,,,
抜け毛,脱毛,,,,,,,,,,,,,,,,,,,,,,,,,,,,,,,,,,,,,,,,,,
同然,同様,同一,区別不能,クリソツ,,,,,,,,,,,,,,,,,,,,,,,,,,,,,,,,,,,,,,,
告発,攻撃,,,,,,,,,,,,,,,,,,,,,,,,,,,,,,,,,,,,,,,,,,
抑圧,弾圧,圧伏,圧抑,,,,,,,,,,,,,,,,,,,,,,,,,,,,,,,,,,,,,,,,
憎しみ,,,,,,,,,,,,,,,,,,,,,,,,,,,,,,,,,,,,,,,,,,,
殺し,ころし,,,,,,,,,,,,,,,,,,,,,,,,,,,,,,,,,,,,,,,,,,
憤る,怒る,,,,,,,,,,,,,,,,,,,,,,,,,,,,,,,,,,,,,,,,,,
飢餓,干乾し,,,,,,,,,,,,,,,,,,,,,,,,,,,,,,,,,,,,,,,,,,
死因,しいん,,,,,,,,,,,,,,,,,,,,,,,,,,,,,,,,,,,,,,,,,,
中傷,ちゅうしょう,,,,,,,,,,,,,,,,,,,,,,,,,,,,,,,,,,,,,,,,,,
和らぐ,緩む,薄れる,薄らぐ,弛む,たゆむ,,,,,,,,,,,,,,,,,,,,,,,,,,,,,,,,,,,,,,
やむを得ず,やむおえず,,,,,,,,,,,,,,,,,,,,,,,,,,,,,,,,,,,,,,,,,,
搾取,強請,,,,,,,,,,,,,,,,,,,,,,,,,,,,,,,,,,,,,,,,,,
迫害,はくがい,,,,,,,,,,,,,,,,,,,,,,,,,,,,,,,,,,,,,,,,,,
不履行,不軌,不順守,不服従,不遵守,不従順,,,,,,,,,,,,,,,,,,,,,,,,,,,,,,,,,,,,,,
惨め,,,,,,,,,,,,,,,,,,,,,,,,,,,,,,,,,,,,,,,,,,,
売春,淫売,売淫,売色,売笑,,,,,,,,,,,,,,,,,,,,,,,,,,,,,,,,,,,,,,,
残虐,残忍,非道,暴虐,無慈悲,陰惨,苛酷,無情,無道,猛悪,惨忍,酷悪,苛虐,,,,,,,,,,,,,,,,,,,,,,,,,,,,,,,
隔離,,,,,,,,,,,,,,,,,,,,,,,,,,,,,,,,,,,,,,,,,,,
剥き出し,むき出し,,,,,,,,,,,,,,,,,,,,,,,,,,,,,,,,,,,,,,,,,,
息苦しい,いきぐるしー,,,,,,,,,,,,,,,,,,,,,,,,,,,,,,,,,,,,,,,,,,
宣告,せんこく,,,,,,,,,,,,,,,,,,,,,,,,,,,,,,,,,,,,,,,,,,
復讐,仕返し,敵討ち,報復,リベンジ,あだ討ち,仇討ち,,,,,,,,,,,,,,,,,,,,,,,,,,,,,,,,,,,,,
誹謗,讒謗,誹毀,非毀,,,,,,,,,,,,,,,,,,,,,,,,,,,,,,,,,,,,,,,,
下腹部,したはらぶ,,,,,,,,,,,,,,,,,,,,,,,,,,,,,,,,,,,,,,,,,,
拷問,小づく,責問,,,,,,,,,,,,,,,,,,,,,,,,,,,,,,,,,,,,,,,,,
甚だしい,はなはだしー,,,,,,,,,,,,,,,,,,,,,,,,,,,,,,,,,,,,,,,,,,
手抜き,怠慢,怠り,軽視,ほったらかし,粗放,無精,懈怠,不行き届き,不行届,不届き,等閑,手落ち,疎慢,忽諸,粗慢,緩怠,抛擲,閑却,不行届き,手抜かり,投げ遣り,疎放,,,,,,,,,,,,,,,,,,,,,
不可解,難解,,,,,,,,,,,,,,,,,,,,,,,,,,,,,,,,,,,,,,,,,,
果てる,事切れる,死する,逝く,旅立つ,消え入る,没する,滅する,往く,隠れる,消える,崩ずる,絶入る,消え失せる,押死ぬ,神上る,卒する,身罷る,くたばる,御隠れになる,空しくなる,睡る,薨ずる,事きれる,亡びる,押っ死ぬ,崩じる,歿する,神上がる,消入る,消えうせる,神去る,儚くなる,,,,,,,,,,,
あからさま,露骨,公然,大っぴら,あらわ,オープン,公々然たる,露わ,明け広げ,公公然たる,明けっ広げ,開放的,明広げ,,,,,,,,,,,,,,,,,,,,,,,,,,,,,,,
転落,てんらく,,,,,,,,,,,,,,,,,,,,,,,,,,,,,,,,,,,,,,,,,,
飢える,饑える,餓える,,,,,,,,,,,,,,,,,,,,,,,,,,,,,,,,,,,,,,,,,
裏切り,裏切り行為,,,,,,,,,,,,,,,,,,,,,,,,,,,,,,,,,,,,,,,,,,
破滅,滅亡,失墜,衰亡,,,,,,,,,,,,,,,,,,,,,,,,,,,,,,,,,,,,,,,,
公的,パブリック,世間的,,,,,,,,,,,,,,,,,,,,,,,,,,,,,,,,,,,,,,,,,
やむなく,,,,,,,,,,,,,,,,,,,,,,,,,,,,,,,,,,,,,,,,,,,
罪人,悪人,奸,悪党,悪漢,,,,,,,,,,,,,,,,,,,,,,,,,,,,,,,,,,,,,,,
トラジック,悲劇的,,,,,,,,,,,,,,,,,,,,,,,,,,,,,,,,,,,,,,,,,,
屈辱,侮辱,,,,,,,,,,,,,,,,,,,,,,,,,,,,,,,,,,,,,,,,,,
屈する,,,,,,,,,,,,,,,,,,,,,,,,,,,,,,,,,,,,,,,,,,,
逃避,とーひ,,,,,,,,,,,,,,,,,,,,,,,,,,,,,,,,,,,,,,,,,,
罵る,毒突く,,,,,,,,,,,,,,,,,,,,,,,,,,,,,,,,,,,,,,,,,,
ずるずる,,,,,,,,,,,,,,,,,,,,,,,,,,,,,,,,,,,,,,,,,,,
逃亡,とーぼー,,,,,,,,,,,,,,,,,,,,,,,,,,,,,,,,,,,,,,,,,,
飛ばす,撃つ,放つ,射つ,発する,ぶっ放す,,,,,,,,,,,,,,,,,,,,,,,,,,,,,,,,,,,,,,
憎悪,ヘイト,,,,,,,,,,,,,,,,,,,,,,,,,,,,,,,,,,,,,,,,,,
無理やり,むりやり,,,,,,,,,,,,,,,,,,,,,,,,,,,,,,,,,,,,,,,,,,
劣悪,粗末,粗悪,不良,劣等,下等,ちんけ,,,,,,,,,,,,,,,,,,,,,,,,,,,,,,,,,,,,,
愚痴る,ぼやく,ごねる,零す,不満がる,ごてる,,,,,,,,,,,,,,,,,,,,,,,,,,,,,,,,,,,,,,
過労,オーバーワーク,,,,,,,,,,,,,,,,,,,,,,,,,,,,,,,,,,,,,,,,,,
腋臭,体臭,,,,,,,,,,,,,,,,,,,,,,,,,,,,,,,,,,,,,,,,,,
冒す,,,,,,,,,,,,,,,,,,,,,,,,,,,,,,,,,,,,,,,,,,,
どん底,最下,,,,,,,,,,,,,,,,,,,,,,,,,,,,,,,,,,,,,,,,,,
無気力,,,,,,,,,,,,,,,,,,,,,,,,,,,,,,,,,,,,,,,,,,,
疎外,疏外,,,,,,,,,,,,,,,,,,,,,,,,,,,,,,,,,,,,,,,,,,
摘発,摘出,曝露,素っ破抜き,剔抉,,,,,,,,,,,,,,,,,,,,,,,,,,,,,,,,,,,,,,,
極まりない,きわまりない,,,,,,,,,,,,,,,,,,,,,,,,,,,,,,,,,,,,,,,,,,
ひどく,,,,,,,,,,,,,,,,,,,,,,,,,,,,,,,,,,,,,,,,,,,
大雑把,おおざっぱ,,,,,,,,,,,,,,,,,,,,,,,,,,,,,,,,,,,,,,,,,,
使い物,付け届け,土産,プレゼント,現在,供,現行,贈呈,給付,頂き物,貰い物,,,,,,,,,,,,,,,,,,,,,,,,,,,,,,,,,
ごまかし,誤魔化し,欺き,胡魔化し,,,,,,,,,,,,,,,,,,,,,,,,,,,,,,,,,,,,,,,,
耐え難い,耐えがたい,堪え難い,堪えがたい,,,,,,,,,,,,,,,,,,,,,,,,,,,,,,,,,,,,,,,,
窮地,危機,逆境,苦境,クライシス,,,,,,,,,,,,,,,,,,,,,,,,,,,,,,,,,,,,,,,
告訴,訴人,,,,,,,,,,,,,,,,,,,,,,,,,,,,,,,,,,,,,,,,,,
吹き飛ぶ,吹っ飛ぶ,消え去る,かき消える,吹きとぶ,消えいる,掻き消える,消去る,掻消える,吹飛ぶ,ふっ飛ぶ,消えさる,,,,,,,,,,,,,,,,,,,,,,,,,,,,,,,,
殺戮,鏖殺,,,,,,,,,,,,,,,,,,,,,,,,,,,,,,,,,,,,,,,,,,
苛立つ,病む,苛だつ,じりじりする,焦れ込む,苛々する,苛苛する,焦れる,焦込む,焦れこむ,,,,,,,,,,,,,,,,,,,,,,,,,,,,,,,,,,
踏みにじる,,,,,,,,,,,,,,,,,,,,,,,,,,,,,,,,,,,,,,,,,,,
はびこる,広がる,,,,,,,,,,,,,,,,,,,,,,,,,,,,,,,,,,,,,,,,,,
ひるむ,後じさる,,,,,,,,,,,,,,,,,,,,,,,,,,,,,,,,,,,,,,,,,,
泥沼,沼地,湿地,,,,,,,,,,,,,,,,,,,,,,,,,,,,,,,,,,,,,,,,,
元凶,首謀,梟雄,巨魁,,,,,,,,,,,,,,,,,,,,,,,,,,,,,,,,,,,,,,,,
敵意,反感,,,,,,,,,,,,,,,,,,,,,,,,,,,,,,,,,,,,,,,,,,
監獄,牢獄,獄舎,牢屋,囹圄,人屋,牢屋敷,獄屋,牢舎,囹圉,,,,,,,,,,,,,,,,,,,,,,,,,,,,,,,,,,
窮乏,困窮,疲弊,窮迫,,,,,,,,,,,,,,,,,,,,,,,,,,,,,,,,,,,,,,,,
ちらつく,揺らめく,震える,はためく,ブルブルする,ちらめく,ちらちらする,,,,,,,,,,,,,,,,,,,,,,,,,,,,,,,,,,,,,
銃撃,発砲,射撃,発射,放免,射出,罷免,着火,放逐,免官,放出,馘首,流出,放流,,,,,,,,,,,,,,,,,,,,,,,,,,,,,,
冷や汗,,,,,,,,,,,,,,,,,,,,,,,,,,,,,,,,,,,,,,,,,,,
即刻,直ぐに,一瞬,すぐに,,,,,,,,,,,,,,,,,,,,,,,,,,,,,,,,,,,,,,,,
反逆,謀反,叛逆,,,,,,,,,,,,,,,,,,,,,,,,,,,,,,,,,,,,,,,,,
蝕む,虫食む,,,,,,,,,,,,,,,,,,,,,,,,,,,,,,,,,,,,,,,,,,
祟り,,,,,,,,,,,,,,,,,,,,,,,,,,,,,,,,,,,,,,,,,,,
共犯,共謀,従犯,連累,,,,,,,,,,,,,,,,,,,,,,,,,,,,,,,,,,,,,,,,
鞭打つ,むち打つ,,,,,,,,,,,,,,,,,,,,,,,,,,,,,,,,,,,,,,,,,,
横暴,,,,,,,,,,,,,,,,,,,,,,,,,,,,,,,,,,,,,,,,,,,
見放す,見限る,捨て去る,棄てる,見切る,打ち捨てる,棄て去る,振りすてる,振り捨てる,見きる,見すてる,捨てさる,打ち棄てる,振捨てる,打棄てる,打捨てる,見棄てる,見離す,見かぎる,,,,,,,,,,,,,,,,,,,,,,,,,
自白,自供,,,,,,,,,,,,,,,,,,,,,,,,,,,,,,,,,,,,,,,,,,
過重,ヘビー,ヘヴィ,重たげ,,,,,,,,,,,,,,,,,,,,,,,,,,,,,,,,,,,,,,,,
懲罰,懲戒,,,,,,,,,,,,,,,,,,,,,,,,,,,,,,,,,,,,,,,,,,
衰退,衰弱,衰微,,,,,,,,,,,,,,,,,,,,,,,,,,,,,,,,,,,,,,,,,
幻聴,,,,,,,,,,,,,,,,,,,,,,,,,,,,,,,,,,,,,,,,,,,
勾留,収監,拘置,監禁,禁固,幽閉,入所,分娩,幽囚,,,,,,,,,,,,,,,,,,,,,,,,,,,,,,,,,,,
踏みつける,踏む,踏付ける,踏み付ける,踏ん付ける,,,,,,,,,,,,,,,,,,,,,,,,,,,,,,,,,,,,,,,
軋轢,不和,摩擦,衝突,もめ事,フリクション,激突,紛紜,揉事,,,,,,,,,,,,,,,,,,,,,,,,,,,,,,,,,,,
しに,,,,,,,,,,,,,,,,,,,,,,,,,,,,,,,,,,,,,,,,,,,
痛々しい,いたいたしー,,,,,,,,,,,,,,,,,,,,,,,,,,,,,,,,,,,,,,,,,,
障る,触る,及ぼす,関わる,係る,関る,差し響く,及す,左右する,,,,,,,,,,,,,,,,,,,,,,,,,,,,,,,,,,,
仕打ち,言動,態度,身持ち,行状,振舞い,素行,行儀,仕方,所作,身性,身状,,,,,,,,,,,,,,,,,,,,,,,,,,,,,,,,
ノイローゼ,のいろーぜ,,,,,,,,,,,,,,,,,,,,,,,,,,,,,,,,,,,,,,,,,,
失明,盲目,,,,,,,,,,,,,,,,,,,,,,,,,,,,,,,,,,,,,,,,,,
焦燥,いら立ち,苛だたしさ,わずらわしいこと,苛立たしさ,煩わしさ,煩さ,,,,,,,,,,,,,,,,,,,,,,,,,,,,,,,,,,,,,
嘲罵,,,,,,,,,,,,,,,,,,,,,,,,,,,,,,,,,,,,,,,,,,,
卑怯,卑劣,姑息,,,,,,,,,,,,,,,,,,,,,,,,,,,,,,,,,,,,,,,,,
窒息,,,,,,,,,,,,,,,,,,,,,,,,,,,,,,,,,,,,,,,,,,,
所為,,,,,,,,,,,,,,,,,,,,,,,,,,,,,,,,,,,,,,,,,,,
温床,,,,,,,,,,,,,,,,,,,,,,,,,,,,,,,,,,,,,,,,,,,
脱走,逃走,出奔,逃散,雲隠れ,退散,遁走,エスケープ,逸走,とんずら,逃遁,遁逃,奔逸,,,,,,,,,,,,,,,,,,,,,,,,,,,,,,,
失神,気絶,昏倒,卒倒,失心,,,,,,,,,,,,,,,,,,,,,,,,,,,,,,,,,,,,,,,
ヒステリー,,,,,,,,,,,,,,,,,,,,,,,,,,,,,,,,,,,,,,,,,,,
前科,犯歴,,,,,,,,,,,,,,,,,,,,,,,,,,,,,,,,,,,,,,,,,,
昏睡,,,,,,,,,,,,,,,,,,,,,,,,,,,,,,,,,,,,,,,,,,,
バッシング,非難,,,,,,,,,,,,,,,,,,,,,,,,,,,,,,,,,,,,,,,,,,
プレッシャー,重圧,圧迫,圧力,,,,,,,,,,,,,,,,,,,,,,,,,,,,,,,,,,,,,,,,
言い争い,言い合い,口論,あらそい,口争い,,,,,,,,,,,,,,,,,,,,,,,,,,,,,,,,,,,,,,,
突き落とす,廃す,廃する,,,,,,,,,,,,,,,,,,,,,,,,,,,,,,,,,,,,,,,,,
人殺し,,,,,,,,,,,,,,,,,,,,,,,,,,,,,,,,,,,,,,,,,,,
逃げ場,避難,,,,,,,,,,,,,,,,,,,,,,,,,,,,,,,,,,,,,,,,,,
着服,横領,横取り,,,,,,,,,,,,,,,,,,,,,,,,,,,,,,,,,,,,,,,,,
締め付け,締めつけ,緊縮,引締,締付,,,,,,,,,,,,,,,,,,,,,,,,,,,,,,,,,,,,,,,
非合法,違法,不法,,,,,,,,,,,,,,,,,,,,,,,,,,,,,,,,,,,,,,,,,
身の上,境遇,幸せ,運命,宿命,因縁,命運,天意,天命,運勢,倖,天運,運気,命数,回り合わせ,仕合せ,倖せ,宿運,因縁尽く,暮らし向き,宿縁,宿世,定事,仕合わせ,回り合せ,巡り合わせ,,,,,,,,,,,,,,,,,,
餓死,がし,,,,,,,,,,,,,,,,,,,,,,,,,,,,,,,,,,,,,,,,,,
かんきん,,,,,,,,,,,,,,,,,,,,,,,,,,,,,,,,,,,,,,,,,,,
凄惨,悽惨,惨憺たる,,,,,,,,,,,,,,,,,,,,,,,,,,,,,,,,,,,,,,,,,
手痛い,ていたい,,,,,,,,,,,,,,,,,,,,,,,,,,,,,,,,,,,,,,,,,,
後戻り,逆戻り,逆もどり,,,,,,,,,,,,,,,,,,,,,,,,,,,,,,,,,,,,,,,,,
暴挙,乱行,ゲバルト,暴状,,,,,,,,,,,,,,,,,,,,,,,,,,,,,,,,,,,,,,,,
餌食,獲物,,,,,,,,,,,,,,,,,,,,,,,,,,,,,,,,,,,,,,,,,,
常習,,,,,,,,,,,,,,,,,,,,,,,,,,,,,,,,,,,,,,,,,,,
狂人,気違い,気狂い,瘋癲,き印,キ印,乱人,狂者,風癲,,,,,,,,,,,,,,,,,,,,,,,,,,,,,,,,,,,
栄養失調,えーよーしっちょー,,,,,,,,,,,,,,,,,,,,,,,,,,,,,,,,,,,,,,,,,,
虐げる,しーたげる,,,,,,,,,,,,,,,,,,,,,,,,,,,,,,,,,,,,,,,,,,
失態,過ち,ミス,誤り,間違い,誤ち,失体,,,,,,,,,,,,,,,,,,,,,,,,,,,,,,,,,,,,,
忌避,敬遠,,,,,,,,,,,,,,,,,,,,,,,,,,,,,,,,,,,,,,,,,,
常套,因襲,因習,仕来り,風習,慣習,恒例,慣例,伝統,旧習,しきたり,習慣,慣行,習俗,在来,俗習,御定まり,流俗,御定り,旧套,古格,仕来たり,,,,,,,,,,,,,,,,,,,,,,
根深い,ねぶかい,,,,,,,,,,,,,,,,,,,,,,,,,,,,,,,,,,,,,,,,,,
打ちのめす,打ち倒す,押し倒す,打倒す,引き落とす,転がす,なぐり倒す,たたき伏せる,叩き伏せる,押倒す,引き倒す,叩きふせる,叩伏せる,突き倒す,ぶっ倒す,叩きのめす,引倒す,張り倒す,うち倒す,殴り倒す,,,,,,,,,,,,,,,,,,,,,,,,
失意,やけくそ,やけっぱち,捨鉢,捨て鉢,自暴,,,,,,,,,,,,,,,,,,,,,,,,,,,,,,,,,,,,,,
むごい,,,,,,,,,,,,,,,,,,,,,,,,,,,,,,,,,,,,,,,,,,,
ダンピング,不当廉売,,,,,,,,,,,,,,,,,,,,,,,,,,,,,,,,,,,,,,,,,,
うろたえる,,,,,,,,,,,,,,,,,,,,,,,,,,,,,,,,,,,,,,,,,,,
不義,密通,不品行,不調法,不行状,無調法,,,,,,,,,,,,,,,,,,,,,,,,,,,,,,,,,,,,,,
拘禁,抑留,禁足,,,,,,,,,,,,,,,,,,,,,,,,,,,,,,,,,,,,,,,,,
梅毒,ジフィリス,シフィリス,,,,,,,,,,,,,,,,,,,,,,,,,,,,,,,,,,,,,,,,,
げっぷ,おくび,噯気,,,,,,,,,,,,,,,,,,,,,,,,,,,,,,,,,,,,,,,,,
エクスキューズ,言い分け,申し開き,言い開き,,,,,,,,,,,,,,,,,,,,,,,,,,,,,,,,,,,,,,,,
アル中,あるちゅー,,,,,,,,,,,,,,,,,,,,,,,,,,,,,,,,,,,,,,,,,,
厳に,,,,,,,,,,,,,,,,,,,,,,,,,,,,,,,,,,,,,,,,,,,
リンチ,りんち,,,,,,,,,,,,,,,,,,,,,,,,,,,,,,,,,,,,,,,,,,
忌まわしい,いまわしー,,,,,,,,,,,,,,,,,,,,,,,,,,,,,,,,,,,,,,,,,,
審問,尋問,審尋,,,,,,,,,,,,,,,,,,,,,,,,,,,,,,,,,,,,,,,,,
不衛生,,,,,,,,,,,,,,,,,,,,,,,,,,,,,,,,,,,,,,,,,,,
事犯,重罪,重犯,犯行,凶行,辟,兇行,不法行為,,,,,,,,,,,,,,,,,,,,,,,,,,,,,,,,,,,,
嘲る,からかう,あざ笑う,嘲笑う,嘲う,揶揄う,,,,,,,,,,,,,,,,,,,,,,,,,,,,,,,,,,,,,,
おぞましい,おぞましー,,,,,,,,,,,,,,,,,,,,,,,,,,,,,,,,,,,,,,,,,,
陰湿,陰鬱,陰気,暗鬱,憂鬱,荒涼たる,暗黒,重苦しげ,陰々たる,陰陰滅滅,辛気臭い,蕭条たる,沈鬱,靉靆たる,辛気くさい,暗澹たる,落莫たる,蕭殺たる,陰気くさい,陰気臭い,陰陰たる,蕭然たる,蕭蕭たる,陰欝,グルーミー,暗然たる,鬱鬱たる,寂寞たる,鬱々たる,遣瀬無い,遣る瀬ない,遣瀬ない,闇黒,気欝,遣る瀬無い,暗晦,気鬱,,,,,,,
除名,破門,,,,,,,,,,,,,,,,,,,,,,,,,,,,,,,,,,,,,,,,,,
大病,重病,大患,重患,,,,,,,,,,,,,,,,,,,,,,,,,,,,,,,,,,,,,,,,
物乞い,乞食,,,,,,,,,,,,,,,,,,,,,,,,,,,,,,,,,,,,,,,,,,
悪寒,寒気,身震い,身ぶるい,寒け,,,,,,,,,,,,,,,,,,,,,,,,,,,,,,,,,,,,,,,
耐え忍ぶ,生きる,生きのびる,耐える,生き延びる,乗り越える,頑張る,生き残る,乗り切る,持ちこたえる,持つ,生残る,堪え忍ぶ,乗りきる,堪る,生き長らえる,永らえる,生きのこる,持ち堪える,乗切る,持堪える,耐忍ぶ,生抜く,乗越える,,,,,,,,,,,,,,,,,,,,
自暴自棄,じぼーじき,,,,,,,,,,,,,,,,,,,,,,,,,,,,,,,,,,,,,,,,,,
負い目,負債,債務,借款,借り入れ,借入,借銭,借銀,負目,,,,,,,,,,,,,,,,,,,,,,,,,,,,,,,,,,,
叱責,叱咤,,,,,,,,,,,,,,,,,,,,,,,,,,,,,,,,,,,,,,,,,,
看守,警備,監視,警護,防備,心配り,警衛,後見,護衛,用心,防衛,守備,警戒,守護,防護,警固,ガード,心くばり,警守,,,,,,,,,,,,,,,,,,,,,,,,,
裏切り者,,,,,,,,,,,,,,,,,,,,,,,,,,,,,,,,,,,,,,,,,,,
心労,心痛,煩悶,悩乱,焦慮,物案じ,憂患,憤悶,煩慮,,,,,,,,,,,,,,,,,,,,,,,,,,,,,,,,,,,
不運,hard luck,ハードラック,,,,,,,,,,,,,,,,,,,,,,,,,,,,,,,,,,,,,,,,,
烙印,点数,マーク,験,徴,目印,記号,マルク,標,符号,正鵠,,,,,,,,,,,,,,,,,,,,,,,,,,,,,,,,,
不仲,確執,仲違い,仲たがい,敵対,齟齬,不一致,葛藤,相克,不調和,波風,相剋,間隙,風波,小波,漣,さざ波,ちぐはぐさ,細波,,,,,,,,,,,,,,,,,,,,,,,,,
辱める,汚す,襲う,姦する,穢す,,,,,,,,,,,,,,,,,,,,,,,,,,,,,,,,,,,,,,,
職業病,しょくぎょーびょー,,,,,,,,,,,,,,,,,,,,,,,,,,,,,,,,,,,,,,,,,,
蔑視,軽蔑,,,,,,,,,,,,,,,,,,,,,,,,,,,,,,,,,,,,,,,,,,
マザコン,まざこん,,,,,,,,,,,,,,,,,,,,,,,,,,,,,,,,,,,,,,,,,,
取り乱す,狂う,取乱す,取りみだす,とり乱す,,,,,,,,,,,,,,,,,,,,,,,,,,,,,,,,,,,,,,,
拘留,,,,,,,,,,,,,,,,,,,,,,,,,,,,,,,,,,,,,,,,,,,
回りくどい,まわりくどい,,,,,,,,,,,,,,,,,,,,,,,,,,,,,,,,,,,,,,,,,,
不徳,不道徳,悪徳,淫風,,,,,,,,,,,,,,,,,,,,,,,,,,,,,,,,,,,,,,,,
侮蔑,軽侮,軽べつ,,,,,,,,,,,,,,,,,,,,,,,,,,,,,,,,,,,,,,,,,
板挟み,板ばさみ,ジレンマ,ディレンマ,,,,,,,,,,,,,,,,,,,,,,,,,,,,,,,,,,,,,,,,
咎め,糾弾,難詰,批難,問責,そしり,指弾,非議,誹議,,,,,,,,,,,,,,,,,,,,,,,,,,,,,,,,,,,
禁断症状,きんだんしょーじょー,,,,,,,,,,,,,,,,,,,,,,,,,,,,,,,,,,,,,,,,,,
見殺し,,,,,,,,,,,,,,,,,,,,,,,,,,,,,,,,,,,,,,,,,,,
恫喝,,,,,,,,,,,,,,,,,,,,,,,,,,,,,,,,,,,,,,,,,,,
冷笑,嘲弄,嗤笑,,,,,,,,,,,,,,,,,,,,,,,,,,,,,,,,,,,,,,,,,
肺結核,はいけっかく,,,,,,,,,,,,,,,,,,,,,,,,,,,,,,,,,,,,,,,,,,
刺し殺す,さしころす,,,,,,,,,,,,,,,,,,,,,,,,,,,,,,,,,,,,,,,,,,
上塗り,塗装,コーティング,,,,,,,,,,,,,,,,,,,,,,,,,,,,,,,,,,,,,,,,,
無策,,,,,,,,,,,,,,,,,,,,,,,,,,,,,,,,,,,,,,,,,,,
苛烈,激烈,峻烈,猛烈,痛烈,甚大,激甚,劇甚,酷烈,,,,,,,,,,,,,,,,,,,,,,,,,,,,,,,,,,,
パニック,錯乱,混乱,,,,,,,,,,,,,,,,,,,,,,,,,,,,,,,,,,,,,,,,,
叱りつける,叱る,叱する,叱りとばす,怒り付ける,叱り飛ばす,叱り付ける,怒りつける,,,,,,,,,,,,,,,,,,,,,,,,,,,,,,,,,,,,
末路,結末,最期,終焉,終幕,幕切れ,最終,おしまい,最後,終結,仕舞い,終り,終末,末期,終盤,結尾,終局,終わり,消滅,末尾,終点,閉幕,完,エンド,終期,フィニッシュ,御仕舞,終い,御仕舞い,終尾,お仕舞い,末つ方,,,,,,,,,,,,
流血,出血,溢血,,,,,,,,,,,,,,,,,,,,,,,,,,,,,,,,,,,,,,,,,
賃下げ,減給,減俸,,,,,,,,,,,,,,,,,,,,,,,,,,,,,,,,,,,,,,,,,
悪評,破廉恥,,,,,,,,,,,,,,,,,,,,,,,,,,,,,,,,,,,,,,,,,,
夜尿症,よるにょーしょー,,,,,,,,,,,,,,,,,,,,,,,,,,,,,,,,,,,,,,,,,,
うめき声,唸り,号泣,,,,,,,,,,,,,,,,,,,,,,,,,,,,,,,,,,,,,,,,,
害悪,害毒,危害,傷痍,怪我,負傷,,,,,,,,,,,,,,,,,,,,,,,,,,,,,,,,,,,,,,
怒り狂う,暴れる,荒れ狂う,猛る,たけり狂う,暴れ狂う,荒狂う,荒れくるう,猛り狂う,猛りくるう,,,,,,,,,,,,,,,,,,,,,,,,,,,,,,,,,,
悪態,罵り,ののしり,悪罵,,,,,,,,,,,,,,,,,,,,,,,,,,,,,,,,,,,,,,,,
切りつける,彫る,削る,刻む,切り付ける,切付ける,,,,,,,,,,,,,,,,,,,,,,,,,,,,,,,,,,,,,,
揉め事,小競り合い,いざこざ,紛争,小競合い,争いごと,争い事,,,,,,,,,,,,,,,,,,,,,,,,,,,,,,,,,,,,,
無様,不恰好,不細工,不格好,不様,ぶざま,無細工,無格好,,,,,,,,,,,,,,,,,,,,,,,,,,,,,,,,,,,,
不合理,非常識,,,,,,,,,,,,,,,,,,,,,,,,,,,,,,,,,,,,,,,,,,
弾劾,,,,,,,,,,,,,,,,,,,,,,,,,,,,,,,,,,,,,,,,,,,
暴徒,,,,,,,,,,,,,,,,,,,,,,,,,,,,,,,,,,,,,,,,,,,
護送,,,,,,,,,,,,,,,,,,,,,,,,,,,,,,,,,,,,,,,,,,,
廃人,癈人,,,,,,,,,,,,,,,,,,,,,,,,,,,,,,,,,,,,,,,,,,
足止め,足留め,,,,,,,,,,,,,,,,,,,,,,,,,,,,,,,,,,,,,,,,,,
だたい,,,,,,,,,,,,,,,,,,,,,,,,,,,,,,,,,,,,,,,,,,,
巻き添え,余波,迸り,トバッチリ,,,,,,,,,,,,,,,,,,,,,,,,,,,,,,,,,,,,,,,,
無抵抗,非免疫,,,,,,,,,,,,,,,,,,,,,,,,,,,,,,,,,,,,,,,,,,
不随,麻痺,中風,中気,痲痺,,,,,,,,,,,,,,,,,,,,,,,,,,,,,,,,,,,,,,,
ギロチン,,,,,,,,,,,,,,,,,,,,,,,,,,,,,,,,,,,,,,,,,,,
無能力,,,,,,,,,,,,,,,,,,,,,,,,,,,,,,,,,,,,,,,,,,,
密売,密輸,,,,,,,,,,,,,,,,,,,,,,,,,,,,,,,,,,,,,,,,,,
殴りつける,打ち付ける,叩く,撲る,打付ける,打っ飛ばす,ぶっ飛ばす,打っ付ける,擲る,,,,,,,,,,,,,,,,,,,,,,,,,,,,,,,,,,,
見せしめ,,,,,,,,,,,,,,,,,,,,,,,,,,,,,,,,,,,,,,,,,,,
雑言,罵倒,痛罵,冷罵,唾罵,漫罵,,,,,,,,,,,,,,,,,,,,,,,,,,,,,,,,,,,,,,
ネグレクト,放置,,,,,,,,,,,,,,,,,,,,,,,,,,,,,,,,,,,,,,,,,,
責め立てる,いたぶる,悩ます,苛める,苛む,責苛む,責めさいなむ,煩わす,,,,,,,,,,,,,,,,,,,,,,,,,,,,,,,,,,,,
すり減らす,磨り減らす,摩減らす,擦り切る,摩れる,すり減る,摩切れる,摩り切れる,摩り切る,磨減る,擦切れる,擦れる,磨り減る,磨れる,擦り切れる,,,,,,,,,,,,,,,,,,,,,,,,,,,,,
躁鬱病,,,,,,,,,,,,,,,,,,,,,,,,,,,,,,,,,,,,,,,,,,,
呵責,歪曲,,,,,,,,,,,,,,,,,,,,,,,,,,,,,,,,,,,,,,,,,,
蛮行,バーバリズム,,,,,,,,,,,,,,,,,,,,,,,,,,,,,,,,,,,,,,,,,,
ふどーとく,,,,,,,,,,,,,,,,,,,,,,,,,,,,,,,,,,,,,,,,,,,
幇助,加担,荷担,助勢,援助,介助,手助け,救護,支援,救助,救済,補佐,介添,賛助,世話,与力,肩入れ,扶助,助力,力添え,救援,加勢,輔佐,助成,補助,人助け,介添え,ヘルプ,協賛,お手伝い,応援,合力,アシスト,補翼,羽翼,手だすけ,加功,輔助,御手伝い,輔翼,扶翼,誘掖,助く,力ぞえ
虚脱,,,,,,,,,,,,,,,,,,,,,,,,,,,,,,,,,,,,,,,,,,,
事実無根,,,,,,,,,,,,,,,,,,,,,,,,,,,,,,,,,,,,,,,,,,,
諍い,言い争う,いさかい,言い合う,言いあい,言いあらそい,,,,,,,,,,,,,,,,,,,,,,,,,,,,,,,,,,,,,,
圧政,圧制,制圧,苛斂,,,,,,,,,,,,,,,,,,,,,,,,,,,,,,,,,,,,,,,,
やり返す,言い返し,言いかえし,遣り返す,言返す,遣返す,言返し,云返し,言いかえす,,,,,,,,,,,,,,,,,,,,,,,,,,,,,,,,,,,
仮死,,,,,,,,,,,,,,,,,,,,,,,,,,,,,,,,,,,,,,,,,,,
不作為,沈滞,不活動,不活性,,,,,,,,,,,,,,,,,,,,,,,,,,,,,,,,,,,,,,,,
呪詛,調伏,,,,,,,,,,,,,,,,,,,,,,,,,,,,,,,,,,,,,,,,,,
死に絶える,滅びる,,,,,,,,,,,,,,,,,,,,,,,,,,,,,,,,,,,,,,,,,,
汚らしい,きたならしー,,,,,,,,,,,,,,,,,,,,,,,,,,,,,,,,,,,,,,,,,,
凍傷,凍瘡,しもやけ,霜焼け,,,,,,,,,,,,,,,,,,,,,,,,,,,,,,,,,,,,,,,,
ヘロイン,へろいん,,,,,,,,,,,,,,,,,,,,,,,,,,,,,,,,,,,,,,,,,,
殴り合い,,,,,,,,,,,,,,,,,,,,,,,,,,,,,,,,,,,,,,,,,,,
罵詈,無礼,謗り,誹り,譏,侮言,罵言,悪言,謗言,譏り,,,,,,,,,,,,,,,,,,,,,,,,,,,,,,,,,,
けしかける,唆す,煽る,あおる,焚きつける,そやす,嗾す,嗾ける,焚き付ける,煽てる,,,,,,,,,,,,,,,,,,,,,,,,,,,,,,,,,,
壊疽,壊死,,,,,,,,,,,,,,,,,,,,,,,,,,,,,,,,,,,,,,,,,,
臆病者,小心者,,,,,,,,,,,,,,,,,,,,,,,,,,,,,,,,,,,,,,,,,,
失政,悪政,,,,,,,,,,,,,,,,,,,,,,,,,,,,,,,,,,,,,,,,,,
半身不随,はんしんふずい,,,,,,,,,,,,,,,,,,,,,,,,,,,,,,,,,,,,,,,,,,
嗚咽,すすり泣き,啜り泣き,欷歔,歔欷,啜泣,欷泣,歔泣,,,,,,,,,,,,,,,,,,,,,,,,,,,,,,,,,,,,
死罪,,,,,,,,,,,,,,,,,,,,,,,,,,,,,,,,,,,,,,,,,,,
絞首刑,こーしゅけー,,,,,,,,,,,,,,,,,,,,,,,,,,,,,,,,,,,,,,,,,,
村八分,,,,,,,,,,,,,,,,,,,,,,,,,,,,,,,,,,,,,,,,,,,
弱腰,,,,,,,,,,,,,,,,,,,,,,,,,,,,,,,,,,,,,,,,,,,
癩病,,,,,,,,,,,,,,,,,,,,,,,,,,,,,,,,,,,,,,,,,,,
怨恨,怨嗟,,,,,,,,,,,,,,,,,,,,,,,,,,,,,,,,,,,,,,,,,,
相撃ち,相討ち,引き分け,別け,引分け,タイゲーム,タイスコアー,,,,,,,,,,,,,,,,,,,,,,,,,,,,,,,,,,,,,
極刑,刑戮,エクスキューション,,,,,,,,,,,,,,,,,,,,,,,,,,,,,,,,,,,,,,,,,
毒殺,,,,,,,,,,,,,,,,,,,,,,,,,,,,,,,,,,,,,,,,,,,
片端,,,,,,,,,,,,,,,,,,,,,,,,,,,,,,,,,,,,,,,,,,,
殺める,損ずる,害う,,,,,,,,,,,,,,,,,,,,,,,,,,,,,,,,,,,,,,,,,
紛い,インチキ,いかさま,まがい物,いんちき,偽物,贋物,フェイク,まやかし,贋作,天麩羅,テンプラ,がせ,偽作,にせ物,まがいもの,如何物,ニセ物,紛い物,,,,,,,,,,,,,,,,,,,,,,,,,
あくどい,,,,,,,,,,,,,,,,,,,,,,,,,,,,,,,,,,,,,,,,,,,
口げんか,くちげんか,,,,,,,,,,,,,,,,,,,,,,,,,,,,,,,,,,,,,,,,,,
やり口,手口,手立て,途方,手法,方途,筋道,方法,手段,仕法,メソッド,術,詮,方術,メソード,仕様,方式,遣り口,,,,,,,,,,,,,,,,,,,,,,,,,,
斬首,断頭,断罪,,,,,,,,,,,,,,,,,,,,,,,,,,,,,,,,,,,,,,,,,
薄汚い,うすぎたない,,,,,,,,,,,,,,,,,,,,,,,,,,,,,,,,,,,,,,,,,,
意固地,頑固,かたくな,狷介,強情,一徹,一刻,一概,えこじ,いこじ,依怙地,情強,固陋,頑な,頑固一徹,片意地,剛情,,,,,,,,,,,,,,,,,,,,,,,,,,,
失職,失業,,,,,,,,,,,,,,,,,,,,,,,,,,,,,,,,,,,,,,,,,,
吐血,,,,,,,,,,,,,,,,,,,,,,,,,,,,,,,,,,,,,,,,,,,
お仕置き,天罰,成敗,天誅,御仕置き,科罰,,,,,,,,,,,,,,,,,,,,,,,,,,,,,,,,,,,,,,
もみ消す,揉消す,揉み消す,,,,,,,,,,,,,,,,,,,,,,,,,,,,,,,,,,,,,,,,,
悔恨,悵恨,,,,,,,,,,,,,,,,,,,,,,,,,,,,,,,,,,,,,,,,,,
とばっちり,,,,,,,,,,,,,,,,,,,,,,,,,,,,,,,,,,,,,,,,,,,
姦通,姦淫,間男,,,,,,,,,,,,,,,,,,,,,,,,,,,,,,,,,,,,,,,,,
血みどろ,血まみれ,血だらけ,,,,,,,,,,,,,,,,,,,,,,,,,,,,,,,,,,,,,,,,,
駆け落ち,,,,,,,,,,,,,,,,,,,,,,,,,,,,,,,,,,,,,,,,,,,
手詰まり,膠着,行き詰まり,行き詰り,袋小路,行き止まり,行き止り,行きあたり,行きづまり,行止り,手詰り,行止まり,行詰り,行きどまり,行き当たり,,,,,,,,,,,,,,,,,,,,,,,,,,,,,
裂傷,,,,,,,,,,,,,,,,,,,,,,,,,,,,,,,,,,,,,,,,,,,
日射病,にっしゃびょー,,,,,,,,,,,,,,,,,,,,,,,,,,,,,,,,,,,,,,,,,,
辛辣,遺恨,欝憤,,,,,,,,,,,,,,,,,,,,,,,,,,,,,,,,,,,,,,,,,
悪あがき,奮戦,抗戦,辛棒,悪足掻き,抗拒,,,,,,,,,,,,,,,,,,,,,,,,,,,,,,,,,,,,,,
食らわせる,くらわせる,,,,,,,,,,,,,,,,,,,,,,,,,,,,,,,,,,,,,,,,,,
重婚,,,,,,,,,,,,,,,,,,,,,,,,,,,,,,,,,,,,,,,,,,,
心ならずも,こころならずも,,,,,,,,,,,,,,,,,,,,,,,,,,,,,,,,,,,,,,,,,,
回し者,スパイ,間者,密偵,間諜,犬,いぬ,探,廻し者,まわし者,諜者,,,,,,,,,,,,,,,,,,,,,,,,,,,,,,,,,
おーばーわーく,,,,,,,,,,,,,,,,,,,,,,,,,,,,,,,,,,,,,,,,,,,
インポテンツ,インポテンス,,,,,,,,,,,,,,,,,,,,,,,,,,,,,,,,,,,,,,,,,,
大罪,,,,,,,,,,,,,,,,,,,,,,,,,,,,,,,,,,,,,,,,,,,
堪忍袋,がまんふくろ,,,,,,,,,,,,,,,,,,,,,,,,,,,,,,,,,,,,,,,,,,
風土病,ふーどびょー,,,,,,,,,,,,,,,,,,,,,,,,,,,,,,,,,,,,,,,,,,
無感覚,,,,,,,,,,,,,,,,,,,,,,,,,,,,,,,,,,,,,,,,,,,
取っ組み合い,とっくみあい,,,,,,,,,,,,,,,,,,,,,,,,,,,,,,,,,,,,,,,,,,
虐める,嬲る,責め苛む,嘖む,甚振る,切り苛む,小突き回す,小突回す,いびる,小衝く,,,,,,,,,,,,,,,,,,,,,,,,,,,,,,,,,,
依怙贔屓,えこひーき,,,,,,,,,,,,,,,,,,,,,,,,,,,,,,,,,,,,,,,,,,
創痍,手傷,傷口,瑕,創傷,傷ぐち,きず口,手きず,疵口,私傷,手創,手疵,,,,,,,,,,,,,,,,,,,,,,,,,,,,,,,,
平手打ち,ひらてうち,,,,,,,,,,,,,,,,,,,,,,,,,,,,,,,,,,,,,,,,,,
反目,はんもく,,,,,,,,,,,,,,,,,,,,,,,,,,,,,,,,,,,,,,,,,,
変節,,,,,,,,,,,,,,,,,,,,,,,,,,,,,,,,,,,,,,,,,,,
肺病,,,,,,,,,,,,,,,,,,,,,,,,,,,,,,,,,,,,,,,,,,,
足蹴,蹴り,キック,,,,,,,,,,,,,,,,,,,,,,,,,,,,,,,,,,,,,,,,,
軽犯罪,けーはんざい,,,,,,,,,,,,,,,,,,,,,,,,,,,,,,,,,,,,,,,,,,
火刑,,,,,,,,,,,,,,,,,,,,,,,,,,,,,,,,,,,,,,,,,,,
酷薄,冷酷,冷血,刻薄,冷酷無惨,冷酷無慙,不人情,冷酷無残,,,,,,,,,,,,,,,,,,,,,,,,,,,,,,,,,,,,
折檻,打擲,殴打,打打擲,,,,,,,,,,,,,,,,,,,,,,,,,,,,,,,,,,,,,,,,
帰休,,,,,,,,,,,,,,,,,,,,,,,,,,,,,,,,,,,,,,,,,,,
酒浸り,酒飲み,酒呑み,飲ん兵衛,呑ん兵衛,飲み助,飲兵衛,のんだくれ,飲んべえ,飲助,のんべえ,,,,,,,,,,,,,,,,,,,,,,,,,,,,,,,,,
不忠,不誠実,不実,不心中,,,,,,,,,,,,,,,,,,,,,,,,,,,,,,,,,,,,,,,,
憎まれ口,にくまれくち,,,,,,,,,,,,,,,,,,,,,,,,,,,,,,,,,,,,,,,,,,
暴政,苛政,虐政,,,,,,,,,,,,,,,,,,,,,,,,,,,,,,,,,,,,,,,,,
青二才,少年,青年,若者,ティーンエイジャー,ティーンエージャー,青少年,,,,,,,,,,,,,,,,,,,,,,,,,,,,,,,,,,,,,
譴責,,,,,,,,,,,,,,,,,,,,,,,,,,,,,,,,,,,,,,,,,,,
不正直,枉惑,奸譎,姦譎,,,,,,,,,,,,,,,,,,,,,,,,,,,,,,,,,,,,,,,,
内輪もめ,,,,,,,,,,,,,,,,,,,,,,,,,,,,,,,,,,,,,,,,,,,
私刑,,,,,,,,,,,,,,,,,,,,,,,,,,,,,,,,,,,,,,,,,,,
不穏当,不適,不適当,,,,,,,,,,,,,,,,,,,,,,,,,,,,,,,,,,,,,,,,,
腐乱,腐敗,腐食,腐朽,腐蝕,腐爛,,,,,,,,,,,,,,,,,,,,,,,,,,,,,,,,,,,,,,
懊悩,苦悶,苦患,痛苦,責め苦,憂悶,惨痛,責苦,,,,,,,,,,,,,,,,,,,,,,,,,,,,,,,,,,,,
グロッキー,グロッギー,,,,,,,,,,,,,,,,,,,,,,,,,,,,,,,,,,,,,,,,,,
激越,強烈,過激,凄絶,凄烈,烈々たる,烈烈たる,,,,,,,,,,,,,,,,,,,,,,,,,,,,,,,,,,,,,
屈従,卑屈,,,,,,,,,,,,,,,,,,,,,,,,,,,,,,,,,,,,,,,,,,
人事不省,じんじふせー,,,,,,,,,,,,,,,,,,,,,,,,,,,,,,,,,,,,,,,,,,
悪風,悪弊,悪習,,,,,,,,,,,,,,,,,,,,,,,,,,,,,,,,,,,,,,,,,
忘恩,不義理,,,,,,,,,,,,,,,,,,,,,,,,,,,,,,,,,,,,,,,,,,
街娼,,,,,,,,,,,,,,,,,,,,,,,,,,,,,,,,,,,,,,,,,,,
営倉,,,,,,,,,,,,,,,,,,,,,,,,,,,,,,,,,,,,,,,,,,,
痴態,愚行,,,,,,,,,,,,,,,,,,,,,,,,,,,,,,,,,,,,,,,,,,
縛り首,絞殺,,,,,,,,,,,,,,,,,,,,,,,,,,,,,,,,,,,,,,,,,,
浴びせかける,,,,,,,,,,,,,,,,,,,,,,,,,,,,,,,,,,,,,,,,,,,
故殺,殺害,殺人,,,,,,,,,,,,,,,,,,,,,,,,,,,,,,,,,,,,,,,,,
停会,散会,休会,延期,,,,,,,,,,,,,,,,,,,,,,,,,,,,,,,,,,,,,,,,
姦婦,,,,,,,,,,,,,,,,,,,,,,,,,,,,,,,,,,,,,,,,,,,
激高,激昂,,,,,,,,,,,,,,,,,,,,,,,,,,,,,,,,,,,,,,,,,,
却って,かえって,,,,,,,,,,,,,,,,,,,,,,,,,,,,,,,,,,,,,,,,,,
無理矢理,,,,,,,,,,,,,,,,,,,,,,,,,,,,,,,,,,,,,,,,,,,
咎める,詰る,とやかく言う,穿り出す,,,,,,,,,,,,,,,,,,,,,,,,,,,,,,,,,,,,,,,,
目眩,めまい,眩暈,目まい,立ち眩み,立ち暗み,立暗み,,,,,,,,,,,,,,,,,,,,,,,,,,,,,,,,,,,,,
庇う,守る,護る,防ぐ,助け守る,,,,,,,,,,,,,,,,,,,,,,,,,,,,,,,,,,,,,,,
苛立ち,いらだち,,,,,,,,,,,,,,,,,,,,,,,,,,,,,,,,,,,,,,,,,,
屈伏,屈服,降伏,降参,降服,投降,帰服,帰伏,観念,,,,,,,,,,,,,,,,,,,,,,,,,,,,,,,,,,,
怯む,たじろぐ,尻込む,後込む,後退る,,,,,,,,,,,,,,,,,,,,,,,,,,,,,,,,,,,,,,,
心無い,こころない,,,,,,,,,,,,,,,,,,,,,,,,,,,,,,,,,,,,,,,,,,
鬱憤,立腹,お冠,怒気,,,,,,,,,,,,,,,,,,,,,,,,,,,,,,,,,,,,,,,,
汚らわしい,けがらわしー,,,,,,,,,,,,,,,,,,,,,,,,,,,,,,,,,,,,,,,,,,
血腥い,ちなまぐさい,,,,,,,,,,,,,,,,,,,,,,,,,,,,,,,,,,,,,,,,,,
私怨,怨念,怨讐,惆悵,怨毒,物恨み,,,,,,,,,,,,,,,,,,,,,,,,,,,,,,,,,,,,,,
蛆虫,ウジ,,,,,,,,,,,,,,,,,,,,,,,,,,,,,,,,,,,,,,,,,,
笞,ムチ,,,,,,,,,,,,,,,,,,,,,,,,,,,,,,,,,,,,,,,,,,
思い上がり,慢心,驕り,傲り,,,,,,,,,,,,,,,,,,,,,,,,,,,,,,,,,,,,,,,,
譫妄,,,,,,,,,,,,,,,,,,,,,,,,,,,,,,,,,,,,,,,,,,,
姦計,奸計,計略,策略,策謀,謀略,悪巧み,術策,術数,トリック,詭計,計策,悪だくみ,悪計,謀計,詭謀,計謀,,,,,,,,,,,,,,,,,,,,,,,,,,,
マッカーシズム,まっかーしずむ,,,,,,,,,,,,,,,,,,,,,,,,,,,,,,,,,,,,,,,,,,
揉み合い,戦い,揉みあい,,,,,,,,,,,,,,,,,,,,,,,,,,,,,,,,,,,,,,,,,
酷評,論難,間然,弁難,糺弾,,,,,,,,,,,,,,,,,,,,,,,,,,,,,,,,,,,,,,,
マゾヒスト,,,,,,,,,,,,,,,,,,,,,,,,,,,,,,,,,,,,,,,,,,,
まとも,,,,,,,,,,,,,,,,,,,,,,,,,,,,,,,,,,,,,,,,,,,
宙ぶらりん,未解決,有耶無耶,不定,未定,不安定,中ぶらりん,うやむや,不確定,,,,,,,,,,,,,,,,,,,,,,,,,,,,,,,,,,,
開けっ放し,諤諤,諤々,明けっ放し,,,,,,,,,,,,,,,,,,,,,,,,,,,,,,,,,,,,,,,,
心やましい,心疚しい,,,,,,,,,,,,,,,,,,,,,,,,,,,,,,,,,,,,,,,,,,
皮肉,風刺,イロニー,アイロニー,反語,当てこすり,ランプーン,当て擦り,,,,,,,,,,,,,,,,,,,,,,,,,,,,,,,,,,,,
不人気,,,,,,,,,,,,,,,,,,,,,,,,,,,,,,,,,,,,,,,,,,,
もみ合い,大立ち回り,乱闘,立回り,乱軍,格闘,組討,活劇,組打,組み打ち,大立回り,組討ち,組み討ち,立ち廻り,揉合,組打ち,,,,,,,,,,,,,,,,,,,,,,,,,,,,
撃ち殺す,,,,,,,,,,,,,,,,,,,,,,,,,,,,,,,,,,,,,,,,,,,
手ひどい,てひどい,,,,,,,,,,,,,,,,,,,,,,,,,,,,,,,,,,,,,,,,,,
手ぬるい,てぬるい,,,,,,,,,,,,,,,,,,,,,,,,,,,,,,,,,,,,,,,,,,
悪臭,臭気,異臭,匂い,,,,,,,,,,,,,,,,,,,,,,,,,,,,,,,,,,,,,,,,
失う,うしなう,,,,,,,,,,,,,,,,,,,,,,,,,,,,,,,,,,,,,,,,,,
気まずい,きまずい,,,,,,,,,,,,,,,,,,,,,,,,,,,,,,,,,,,,,,,,,,
切り傷,,,,,,,,,,,,,,,,,,,,,,,,,,,,,,,,,,,,,,,,,,,
腐る,くさる,,,,,,,,,,,,,,,,,,,,,,,,,,,,,,,,,,,,,,,,,,
繰り返す,重ねる,繰返す,繰りかえす,仕返す,くり返す,遣り直す,,,,,,,,,,,,,,,,,,,,,,,,,,,,,,,,,,,,,
欠席,不参加,,,,,,,,,,,,,,,,,,,,,,,,,,,,,,,,,,,,,,,,,,
強盗,,,,,,,,,,,,,,,,,,,,,,,,,,,,,,,,,,,,,,,,,,,
誤解,勘違い,思い違い,,,,,,,,,,,,,,,,,,,,,,,,,,,,,,,,,,,,,,,,,
ごまかす,,,,,,,,,,,,,,,,,,,,,,,,,,,,,,,,,,,,,,,,,,,
紛糾,,,,,,,,,,,,,,,,,,,,,,,,,,,,,,,,,,,,,,,,,,,
刺さる,突き刺さる,降り注ぐ,当たる,差す,射す,降る,当る,あたる,差当たる,射当る,差し当たる,射し当る,射し当たる,差し当る,射当たる,射当てる,,,,,,,,,,,,,,,,,,,,,,,,,,,
事態,状況,情勢,形勢,状態,情況,状勢,時局,様子,景況,シチュエーション,様態,相貌,シチュエイション,局勢,状相,情態,,,,,,,,,,,,,,,,,,,,,,,,,,,
失格,,,,,,,,,,,,,,,,,,,,,,,,,,,,,,,,,,,,,,,,,,,
重要,重大,大切,,,,,,,,,,,,,,,,,,,,,,,,,,,,,,,,,,,,,,,,,
ストーカー,すとーかー,,,,,,,,,,,,,,,,,,,,,,,,,,,,,,,,,,,,,,,,,,
相反,対立,コンフリクト,,,,,,,,,,,,,,,,,,,,,,,,,,,,,,,,,,,,,,,,,
ためらう,躊躇う,迷う,渋る,思い惑う,とつおいつする,紕う,思い迷う,思惑う,,,,,,,,,,,,,,,,,,,,,,,,,,,,,,,,,,,
ついに,,,,,,,,,,,,,,,,,,,,,,,,,,,,,,,,,,,,,,,,,,,
共感,同情,シンパシー,,,,,,,,,,,,,,,,,,,,,,,,,,,,,,,,,,,,,,,,,
どうせ,どーせ,,,,,,,,,,,,,,,,,,,,,,,,,,,,,,,,,,,,,,,,,,
情けない,なさけない,,,,,,,,,,,,,,,,,,,,,,,,,,,,,,,,,,,,,,,,,,
二度と,,,,,,,,,,,,,,,,,,,,,,,,,,,,,,,,,,,,,,,,,,,
不幸,不幸せ,薄幸,不仕合せ,薄倖,不仕合わせ,,,,,,,,,,,,,,,,,,,,,,,,,,,,,,,,,,,,,,
不自然,,,,,,,,,,,,,,,,,,,,,,,,,,,,,,,,,,,,,,,,,,,
ホームシック,ほーむしっく,,,,,,,,,,,,,,,,,,,,,,,,,,,,,,,,,,,,,,,,,,
無関心,いい加減,粗略,好い加減,疎略,,,,,,,,,,,,,,,,,,,,,,,,,,,,,,,,,,,,,,,
薬物,ドラッグ,,,,,,,,,,,,,,,,,,,,,,,,,,,,,,,,,,,,,,,,,,
余計,よけー,,,,,,,,,,,,,,,,,,,,,,,,,,,,,,,,,,,,,,,,,,
悪い,わるい,,,,,,,,,,,,,,,,,,,,,,,,,,,,,,,,,,,,,,,,,,
病態,病状,容態,,,,,,,,,,,,,,,,,,,,,,,,,,,,,,,,,,,,,,,,,
ストレス,すとれす,,,,,,,,,,,,,,,,,,,,,,,,,,,,,,,,,,,,,,,,,,
入院,,,,,,,,,,,,,,,,,,,,,,,,,,,,,,,,,,,,,,,,,,,
負ける,敗れる,敗ける,,,,,,,,,,,,,,,,,,,,,,,,,,,,,,,,,,,,,,,,,
失敗,落ち度,錯誤,過誤,誤謬,過失,まちがい,落度,,,,,,,,,,,,,,,,,,,,,,,,,,,,,,,,,,,,
ケガ,,,,,,,,,,,,,,,,,,,,,,,,,,,,,,,,,,,,,,,,,,,
辞める,辞する,退く,降りる,,,,,,,,,,,,,,,,,,,,,,,,,,,,,,,,,,,,,,,,
被告,容疑,,,,,,,,,,,,,,,,,,,,,,,,,,,,,,,,,,,,,,,,,,
過剰,余りに,,,,,,,,,,,,,,,,,,,,,,,,,,,,,,,,,,,,,,,,,,
必死,勇敢,,,,,,,,,,,,,,,,,,,,,,,,,,,,,,,,,,,,,,,,,,
掛かる,使う,乗る,受け取る,納める,捕る,受取る,収める,獲る,取り上げる,採る,取上げる,挟み上げる,,,,,,,,,,,,,,,,,,,,,,,,,,,,,,,
うつ病,ウツ病,,,,,,,,,,,,,,,,,,,,,,,,,,,,,,,,,,,,,,,,,,
風邪,感冒,風邪ひき,,,,,,,,,,,,,,,,,,,,,,,,,,,,,,,,,,,,,,,,,
変死,,,,,,,,,,,,,,,,,,,,,,,,,,,,,,,,,,,,,,,,,,,
取り消し,キャンセル,破棄,取消,取消し,,,,,,,,,,,,,,,,,,,,,,,,,,,,,,,,,,,,,,,
喧嘩,争論,論争,論判,,,,,,,,,,,,,,,,,,,,,,,,,,,,,,,,,,,,,,,,
無効,,,,,,,,,,,,,,,,,,,,,,,,,,,,,,,,,,,,,,,,,,,
押し付ける,押しつける,押す,小突く,圧す,,,,,,,,,,,,,,,,,,,,,,,,,,,,,,,,,,,,,,,
無才,不佞,,,,,,,,,,,,,,,,,,,,,,,,,,,,,,,,,,,,,,,,,,
下痢,腹下し,,,,,,,,,,,,,,,,,,,,,,,,,,,,,,,,,,,,,,,,,,
破綻,,,,,,,,,,,,,,,,,,,,,,,,,,,,,,,,,,,,,,,,,,,
厄介,やっかい,,,,,,,,,,,,,,,,,,,,,,,,,,,,,,,,,,,,,,,,,,
歪む,,,,,,,,,,,,,,,,,,,,,,,,,,,,,,,,,,,,,,,,,,,
抗議,こーぎ,,,,,,,,,,,,,,,,,,,,,,,,,,,,,,,,,,,,,,,,,,
些細,ささい,瑣末,些末,卑小,微々たる,ちっぽけ,小さ,眇たる,瑣細,些些たる,末梢的,トリビアル,微微たる,些々たる,他愛ない,,,,,,,,,,,,,,,,,,,,,,,,,,,,
反発,反対,反撥,レジスタンス,手向かい,,,,,,,,,,,,,,,,,,,,,,,,,,,,,,,,,,,,,,,
明白,,,,,,,,,,,,,,,,,,,,,,,,,,,,,,,,,,,,,,,,,,,
有り様,様相,,,,,,,,,,,,,,,,,,,,,,,,,,,,,,,,,,,,,,,,,,
痺れ,しびれ,,,,,,,,,,,,,,,,,,,,,,,,,,,,,,,,,,,,,,,,,,
真相,,,,,,,,,,,,,,,,,,,,,,,,,,,,,,,,,,,,,,,,,,,
波乱,騒動,悶着,波瀾,紛擾,,,,,,,,,,,,,,,,,,,,,,,,,,,,,,,,,,,,,,,
負け戦,,,,,,,,,,,,,,,,,,,,,,,,,,,,,,,,,,,,,,,,,,,
身内,身寄り,一家,家族,眷族,家庭,眷属,ファミリー,,,,,,,,,,,,,,,,,,,,,,,,,,,,,,,,,,,,
断る,拒む,断わる,,,,,,,,,,,,,,,,,,,,,,,,,,,,,,,,,,,,,,,,,
漏らす,取り除ける,切り捨てる,取り除く,排する,省く,略する,撥ねのける,洩らす,撥除ける,撥ね除ける,撥ねる,抜きさる,抜き去る,取りのける,はね除ける,取捨てる,切捨てる,,,,,,,,,,,,,,,,,,,,,,,,,,
麻薬,,,,,,,,,,,,,,,,,,,,,,,,,,,,,,,,,,,,,,,,,,,
嘔吐,反吐,,,,,,,,,,,,,,,,,,,,,,,,,,,,,,,,,,,,,,,,,,
思い込み,傾き,片より,先入見,,,,,,,,,,,,,,,,,,,,,,,,,,,,,,,,,,,,,,,,
虐殺,悪逆,悪虐,,,,,,,,,,,,,,,,,,,,,,,,,,,,,,,,,,,,,,,,,
凍結,とーけつ,,,,,,,,,,,,,,,,,,,,,,,,,,,,,,,,,,,,,,,,,,
悪意,悪気,毒気,邪気,害意,,,,,,,,,,,,,,,,,,,,,,,,,,,,,,,,,,,,,,,
罰則,,,,,,,,,,,,,,,,,,,,,,,,,,,,,,,,,,,,,,,,,,,
起訴,訴追,,,,,,,,,,,,,,,,,,,,,,,,,,,,,,,,,,,,,,,,,,
消耗,損耗,,,,,,,,,,,,,,,,,,,,,,,,,,,,,,,,,,,,,,,,,,
精神病,せーしんびょー,,,,,,,,,,,,,,,,,,,,,,,,,,,,,,,,,,,,,,,,,,
乱用,,,,,,,,,,,,,,,,,,,,,,,,,,,,,,,,,,,,,,,,,,,
刑法,刑律,,,,,,,,,,,,,,,,,,,,,,,,,,,,,,,,,,,,,,,,,,
患う,罹る,,,,,,,,,,,,,,,,,,,,,,,,,,,,,,,,,,,,,,,,,,
ふはい,,,,,,,,,,,,,,,,,,,,,,,,,,,,,,,,,,,,,,,,,,,
苦難,くなん,,,,,,,,,,,,,,,,,,,,,,,,,,,,,,,,,,,,,,,,,,
悲鳴,咆哮,咆吼,喚呼,叫喚,大呼,啼泣,,,,,,,,,,,,,,,,,,,,,,,,,,,,,,,,,,,,,
苦い,にがい,,,,,,,,,,,,,,,,,,,,,,,,,,,,,,,,,,,,,,,,,,
中止,中断,,,,,,,,,,,,,,,,,,,,,,,,,,,,,,,,,,,,,,,,,,
横たわる,寝る,臥す,臥せる,寝ころぶ,寝っ転がる,寝転がる,寝転ぶ,寝っころがる,臥さる,寐る,横たえる,,,,,,,,,,,,,,,,,,,,,,,,,,,,,,,,
立場,,,,,,,,,,,,,,,,,,,,,,,,,,,,,,,,,,,,,,,,,,,
別居,離別,別離,縁切り,隔絶,乖離,分立,離隔,分離,,,,,,,,,,,,,,,,,,,,,,,,,,,,,,,,,,,
取り調べ,取調べ,捜査,検察,追及,査問,捜索,検分,吟味,究明,検使,調査,査察,詮索,踏査,考証,考査,探索,追究,検討,査定,リサーチ,追求,勘検,,,,,,,,,,,,,,,,,,,,
汚職,贈収賄,贈賄,汚濁,黄白,貪汚,,,,,,,,,,,,,,,,,,,,,,,,,,,,,,,,,,,,,,
誘発,開始,,,,,,,,,,,,,,,,,,,,,,,,,,,,,,,,,,,,,,,,,,
高熱,高温,熱さ,熱気,暑気,ヒート,暑さ,温気,火熱,大熱,,,,,,,,,,,,,,,,,,,,,,,,,,,,,,,,,,
立ち去る,引き下がる,引き払う,離れる,引き揚げる,引き上げる,引下がる,離去る,立去る,立ちさる,離れ去る,離れさる,引上げる,,,,,,,,,,,,,,,,,,,,,,,,,,,,,,,
タブー,禁忌,,,,,,,,,,,,,,,,,,,,,,,,,,,,,,,,,,,,,,,,,,
差し押さえ,さしおさえ,,,,,,,,,,,,,,,,,,,,,,,,,,,,,,,,,,,,,,,,,,
断ち切る,剥がす,截ち切る,剥す,,,,,,,,,,,,,,,,,,,,,,,,,,,,,,,,,,,,,,,,
歔欷き,泣くこと,,,,,,,,,,,,,,,,,,,,,,,,,,,,,,,,,,,,,,,,,,
傷跡,傷痕,瘢痕,古傷,疵痕,瘡痕,疵跡,傷あと,古疵,きずあと,残痕,疵あと,,,,,,,,,,,,,,,,,,,,,,,,,,,,,,,,
暴動,,,,,,,,,,,,,,,,,,,,,,,,,,,,,,,,,,,,,,,,,,,
襲撃,突進,進撃,突撃,突貫,,,,,,,,,,,,,,,,,,,,,,,,,,,,,,,,,,,,,,,
窮屈,,,,,,,,,,,,,,,,,,,,,,,,,,,,,,,,,,,,,,,,,,,
軽微,,,,,,,,,,,,,,,,,,,,,,,,,,,,,,,,,,,,,,,,,,,
無謀,無鉄砲,むやみ,無闇,無暗,無考え,,,,,,,,,,,,,,,,,,,,,,,,,,,,,,,,,,,,,,
落ち込み,,,,,,,,,,,,,,,,,,,,,,,,,,,,,,,,,,,,,,,,,,,
異端,,,,,,,,,,,,,,,,,,,,,,,,,,,,,,,,,,,,,,,,,,,
浴びせる,投げつける,,,,,,,,,,,,,,,,,,,,,,,,,,,,,,,,,,,,,,,,,,
たかる,群がる,群れる,群れ集う,すだく,群集う,叢る,集る,集く,,,,,,,,,,,,,,,,,,,,,,,,,,,,,,,,,,,
窃盗,せっとー,,,,,,,,,,,,,,,,,,,,,,,,,,,,,,,,,,,,,,,,,,
ハラスメント,はらすめんと,,,,,,,,,,,,,,,,,,,,,,,,,,,,,,,,,,,,,,,,,,
病的,,,,,,,,,,,,,,,,,,,,,,,,,,,,,,,,,,,,,,,,,,,
マラリア,まらりあ,,,,,,,,,,,,,,,,,,,,,,,,,,,,,,,,,,,,,,,,,,
痙攣,,,,,,,,,,,,,,,,,,,,,,,,,,,,,,,,,,,,,,,,,,,
略奪,,,,,,,,,,,,,,,,,,,,,,,,,,,,,,,,,,,,,,,,,,,
呪う,祟る,,,,,,,,,,,,,,,,,,,,,,,,,,,,,,,,,,,,,,,,,,
過食,暴食,,,,,,,,,,,,,,,,,,,,,,,,,,,,,,,,,,,,,,,,,,
倦怠,退屈,,,,,,,,,,,,,,,,,,,,,,,,,,,,,,,,,,,,,,,,,,
飛び降りる,,,,,,,,,,,,,,,,,,,,,,,,,,,,,,,,,,,,,,,,,,,
言い渡す,申し渡す,,,,,,,,,,,,,,,,,,,,,,,,,,,,,,,,,,,,,,,,,,
掻き立てる,かき立てる,掻立てる,煽りたてる,アジる,煽り立てる,,,,,,,,,,,,,,,,,,,,,,,,,,,,,,,,,,,,,,
償う,払い戻す,払い戻し,払戻し,補う,払いもどす,払戻す,,,,,,,,,,,,,,,,,,,,,,,,,,,,,,,,,,,,,
硬直,強直,硬化,硬変,,,,,,,,,,,,,,,,,,,,,,,,,,,,,,,,,,,,,,,,
重荷,荷物,カーゴ,積荷,積み荷,貨物,,,,,,,,,,,,,,,,,,,,,,,,,,,,,,,,,,,,,,
強行,,,,,,,,,,,,,,,,,,,,,,,,,,,,,,,,,,,,,,,,,,,
絶え間,あいだ,合間,隙間,すき間,はざま,狭間,スキマ,透き間,すきま,,,,,,,,,,,,,,,,,,,,,,,,,,,,,,,,,,
迷信,,,,,,,,,,,,,,,,,,,,,,,,,,,,,,,,,,,,,,,,,,,
絞める,,,,,,,,,,,,,,,,,,,,,,,,,,,,,,,,,,,,,,,,,,,
陥れる,図る,嵌める,はめ込む,嵌め込む,落し入れる,嵌込む,填め込む,填込む,謀つ,填める,落とし入れる,,,,,,,,,,,,,,,,,,,,,,,,,,,,,,,,
置き去り,置去り,,,,,,,,,,,,,,,,,,,,,,,,,,,,,,,,,,,,,,,,,,
罹患,罹病,,,,,,,,,,,,,,,,,,,,,,,,,,,,,,,,,,,,,,,,,,
失踪,失跡,,,,,,,,,,,,,,,,,,,,,,,,,,,,,,,,,,,,,,,,,,
偽善,,,,,,,,,,,,,,,,,,,,,,,,,,,,,,,,,,,,,,,,,,,
日に日に,ひにひに,,,,,,,,,,,,,,,,,,,,,,,,,,,,,,,,,,,,,,,,,,
座り込む,座る,腰掛ける,坐る,懸ける,坐す,座す,座する,坐り込む,据わる,坐込む,据る,座りこむ,腰掛る,座込む,坐する,すわり込む,腰かける,,,,,,,,,,,,,,,,,,,,,,,,,,
済まない,すまない,,,,,,,,,,,,,,,,,,,,,,,,,,,,,,,,,,,,,,,,,,
死骸,死体,遺骸,遺体,屍骸,亡骸,屍体,死人,形骸,死屍,死に身,亡き骸,死身,,,,,,,,,,,,,,,,,,,,,,,,,,,,,,,
性行為,せーこーい,,,,,,,,,,,,,,,,,,,,,,,,,,,,,,,,,,,,,,,,,,
打ち切り,停止,ストップ,,,,,,,,,,,,,,,,,,,,,,,,,,,,,,,,,,,,,,,,,
抜け落ちる,欠け落ちる,,,,,,,,,,,,,,,,,,,,,,,,,,,,,,,,,,,,,,,,,,
沙汰,下知,下命,命令,司令,指令,,,,,,,,,,,,,,,,,,,,,,,,,,,,,,,,,,,,,,
失禁,,,,,,,,,,,,,,,,,,,,,,,,,,,,,,,,,,,,,,,,,,,
寝返り,,,,,,,,,,,,,,,,,,,,,,,,,,,,,,,,,,,,,,,,,,,
同性愛,どーせーあい,,,,,,,,,,,,,,,,,,,,,,,,,,,,,,,,,,,,,,,,,,
壮絶,壮烈,勇猛,不敵,健気,勇壮,大胆,けなげ,豪勇,堂々たる,剛勇,雄壮,堂堂たる,放胆,勇烈,強勇,,,,,,,,,,,,,,,,,,,,,,,,,,,,
不払い,デフォルト,不納,ディフォールト,ディフォルト,,,,,,,,,,,,,,,,,,,,,,,,,,,,,,,,,,,,,,,
卑しい,いやしー,,,,,,,,,,,,,,,,,,,,,,,,,,,,,,,,,,,,,,,,,,
さらけ出す,見せる,曝け出す,曝けだす,むき出す,,,,,,,,,,,,,,,,,,,,,,,,,,,,,,,,,,,,,,,
切迫,せっぱく,,,,,,,,,,,,,,,,,,,,,,,,,,,,,,,,,,,,,,,,,,
詫び,詫びる,謝る,,,,,,,,,,,,,,,,,,,,,,,,,,,,,,,,,,,,,,,,,
息切れ,,,,,,,,,,,,,,,,,,,,,,,,,,,,,,,,,,,,,,,,,,,
仕向ける,差し出す,送りこむ,送り込む,送りだす,送る,送り出す,積み出す,仕向る,使わす,差立てる,差遣わす,差しだす,差遣す,差し立てる,派する,差出す,送出す,差し遣わす,,,,,,,,,,,,,,,,,,,,,,,,,
思い悩む,悶える,思い乱れる,思いなやむ,,,,,,,,,,,,,,,,,,,,,,,,,,,,,,,,,,,,,,,,
威嚇,,,,,,,,,,,,,,,,,,,,,,,,,,,,,,,,,,,,,,,,,,,
家出,,,,,,,,,,,,,,,,,,,,,,,,,,,,,,,,,,,,,,,,,,,
問い詰める,問いただす,問い質す,糺す,問い正す,,,,,,,,,,,,,,,,,,,,,,,,,,,,,,,,,,,,,,,
堕落,,,,,,,,,,,,,,,,,,,,,,,,,,,,,,,,,,,,,,,,,,,
時代遅れ,じだいおくれ,,,,,,,,,,,,,,,,,,,,,,,,,,,,,,,,,,,,,,,,,,
悩ましい,なやましー,,,,,,,,,,,,,,,,,,,,,,,,,,,,,,,,,,,,,,,,,,
惨状,窮状,塗炭,惨めさ,,,,,,,,,,,,,,,,,,,,,,,,,,,,,,,,,,,,,,,,
胃潰瘍,いかいよー,,,,,,,,,,,,,,,,,,,,,,,,,,,,,,,,,,,,,,,,,,
寝不足,睡眠不足,,,,,,,,,,,,,,,,,,,,,,,,,,,,,,,,,,,,,,,,,,
立退き,立ち退き,退去,立ちのき,,,,,,,,,,,,,,,,,,,,,,,,,,,,,,,,,,,,,,,,
賭博,ギャンブル,博打,賭け事,バクチ,賭けごと,,,,,,,,,,,,,,,,,,,,,,,,,,,,,,,,,,,,,,
スキャンダル,すきゃんだる,,,,,,,,,,,,,,,,,,,,,,,,,,,,,,,,,,,,,,,,,,
後ろめたい,うしろめたい,,,,,,,,,,,,,,,,,,,,,,,,,,,,,,,,,,,,,,,,,,
疎遠,,,,,,,,,,,,,,,,,,,,,,,,,,,,,,,,,,,,,,,,,,,
信じ込む,信じる,信ずる,信じこむ,信切る,信込む,,,,,,,,,,,,,,,,,,,,,,,,,,,,,,,,,,,,,,
辞任,退任,退陣,退職,辞退,引退,リタイヤ,辞職,リタイアメント,,,,,,,,,,,,,,,,,,,,,,,,,,,,,,,,,,,
泣き叫ぶ,吼える,吠える,哮り立つ,泣きさけぶ,哮ける,泣きわめく,泣叫ぶ,喚く,哮る,吠る,喚き叫ぶ,,,,,,,,,,,,,,,,,,,,,,,,,,,,,,,,
やり過ごす,為過ごす,遣過ぎる,遣り過す,遣過す,為過ぎる,遣り過ごす,,,,,,,,,,,,,,,,,,,,,,,,,,,,,,,,,,,,,
痛ましい,いたましー,,,,,,,,,,,,,,,,,,,,,,,,,,,,,,,,,,,,,,,,,,
破局,災厄,カタストロフ,災難,カタストロフィー,災い,惨禍,凶事,壊滅,惨事,危難,天災,災禍,大厄,潰滅,災害,惨害,奇禍,禍殃,凶変,厄災,禍事,禍害,大難,大災,兇変,変災,,,,,,,,,,,,,,,,,
殺生,惨酷,厳酷,残刻,,,,,,,,,,,,,,,,,,,,,,,,,,,,,,,,,,,,,,,,
歴然,歴々,歴歴,,,,,,,,,,,,,,,,,,,,,,,,,,,,,,,,,,,,,,,,,
シラミ,虱,,,,,,,,,,,,,,,,,,,,,,,,,,,,,,,,,,,,,,,,,,
べったり,,,,,,,,,,,,,,,,,,,,,,,,,,,,,,,,,,,,,,,,,,,
弱体,弱気,柔弱,軟弱,惰弱さ,軟弱さ,弱体さ,薄弱さ,柔弱さ,懦弱さ,か弱さ,ひ弱さ,,,,,,,,,,,,,,,,,,,,,,,,,,,,,,,,
不可抗力,ふかこーりょく,,,,,,,,,,,,,,,,,,,,,,,,,,,,,,,,,,,,,,,,,,
明るみ,,,,,,,,,,,,,,,,,,,,,,,,,,,,,,,,,,,,,,,,,,,
病死,病没,,,,,,,,,,,,,,,,,,,,,,,,,,,,,,,,,,,,,,,,,,
売り渡す,売り渡し,売り払う,売渡す,売りわたす,売渡し,売りわたし,売払う,売りはらう,,,,,,,,,,,,,,,,,,,,,,,,,,,,,,,,,,,
水疱,水ばれ,水腫れ,水膨れ,水脹れ,水ぶくれ,,,,,,,,,,,,,,,,,,,,,,,,,,,,,,,,,,,,,,
食い物,狙い,ターゲット,標的,いいカモ,好餌,,,,,,,,,,,,,,,,,,,,,,,,,,,,,,,,,,,,,,
引きずり込む,ひきずりごむ,,,,,,,,,,,,,,,,,,,,,,,,,,,,,,,,,,,,,,,,,,
食わせる,くわせる,,,,,,,,,,,,,,,,,,,,,,,,,,,,,,,,,,,,,,,,,,
免職,解職,解任,,,,,,,,,,,,,,,,,,,,,,,,,,,,,,,,,,,,,,,,,
法外,大げさ,過分,過度,過大,過当,無闇矢鱈,,,,,,,,,,,,,,,,,,,,,,,,,,,,,,,,,,,,,
緩み,,,,,,,,,,,,,,,,,,,,,,,,,,,,,,,,,,,,,,,,,,,
汚物,垢,,,,,,,,,,,,,,,,,,,,,,,,,,,,,,,,,,,,,,,,,,
前代未聞,ぜんだいみもん,,,,,,,,,,,,,,,,,,,,,,,,,,,,,,,,,,,,,,,,,,
詰め寄る,迫る,近寄る,寄せる,近づく,近付く,逼る,近よる,詰寄る,,,,,,,,,,,,,,,,,,,,,,,,,,,,,,,,,,,
癒える,治る,,,,,,,,,,,,,,,,,,,,,,,,,,,,,,,,,,,,,,,,,,
コレラ,,,,,,,,,,,,,,,,,,,,,,,,,,,,,,,,,,,,,,,,,,,
逃げ道,抜け穴,抜け道,匿穴,抜穴,抜道,,,,,,,,,,,,,,,,,,,,,,,,,,,,,,,,,,,,,,
自責,,,,,,,,,,,,,,,,,,,,,,,,,,,,,,,,,,,,,,,,,,,
とっとと,,,,,,,,,,,,,,,,,,,,,,,,,,,,,,,,,,,,,,,,,,,
やらかす,行う,行なう,為す,致す,成し遂げる,執り行う,果す,為る,成す,執り行なう,執行う,遣り遂げる,取熟す,行ずる,成しとげる,とり行う,,,,,,,,,,,,,,,,,,,,,,,,,,,
振り払う,振り切る,振りはなす,振放す,ふり払う,振払う,振離す,振り離す,,,,,,,,,,,,,,,,,,,,,,,,,,,,,,,,,,,,
手下,部下,子分,配下,下っ端,雑兵,下働き,麾下,下人,下役,隷下,臣子,下ばたらき,僚属,下っぱ,褌担ぎ,,,,,,,,,,,,,,,,,,,,,,,,,,,,
張本人,ちょーほんじん,,,,,,,,,,,,,,,,,,,,,,,,,,,,,,,,,,,,,,,,,,
係争,抗争,闘争,交戦,合戦,争闘,戦闘,繋争,,,,,,,,,,,,,,,,,,,,,,,,,,,,,,,,,,,,
でっち上げる,,,,,,,,,,,,,,,,,,,,,,,,,,,,,,,,,,,,,,,,,,,
胸痛,,,,,,,,,,,,,,,,,,,,,,,,,,,,,,,,,,,,,,,,,,,
吹き出物,おでき,,,,,,,,,,,,,,,,,,,,,,,,,,,,,,,,,,,,,,,,,,
かき消す,,,,,,,,,,,,,,,,,,,,,,,,,,,,,,,,,,,,,,,,,,,
公訴,,,,,,,,,,,,,,,,,,,,,,,,,,,,,,,,,,,,,,,,,,,
不徳義,,,,,,,,,,,,,,,,,,,,,,,,,,,,,,,,,,,,,,,,,,,
フラストレーション,ふらすとれーしょん,,,,,,,,,,,,,,,,,,,,,,,,,,,,,,,,,,,,,,,,,,
皆殺し,抹殺,根絶やし,殲滅,全滅,退治,撃滅,駆除,撲滅,駆逐,みな殺し,,,,,,,,,,,,,,,,,,,,,,,,,,,,,,,,,
突き破る,突き抜ける,突きやぶる,突抜ける,突破る,つき破る,,,,,,,,,,,,,,,,,,,,,,,,,,,,,,,,,,,,,,
苦渋,苦衷,艱苦,,,,,,,,,,,,,,,,,,,,,,,,,,,,,,,,,,,,,,,,,
収容,,,,,,,,,,,,,,,,,,,,,,,,,,,,,,,,,,,,,,,,,,,
追っ手,追手,チェイサー,追い手,チェーサー,チェサー,,,,,,,,,,,,,,,,,,,,,,,,,,,,,,,,,,,,,,
寝返る,,,,,,,,,,,,,,,,,,,,,,,,,,,,,,,,,,,,,,,,,,,
収奪,簒奪,強奪,奪取,さん奪,,,,,,,,,,,,,,,,,,,,,,,,,,,,,,,,,,,,,,,
口走る,うっかり口に出す,口ばしる,,,,,,,,,,,,,,,,,,,,,,,,,,,,,,,,,,,,,,,,,
面前,御前,お前,そば,,,,,,,,,,,,,,,,,,,,,,,,,,,,,,,,,,,,,,,,
険悪,,,,,,,,,,,,,,,,,,,,,,,,,,,,,,,,,,,,,,,,,,,
不覚,無意識,前後不覚,,,,,,,,,,,,,,,,,,,,,,,,,,,,,,,,,,,,,,,,,
浮腫,,,,,,,,,,,,,,,,,,,,,,,,,,,,,,,,,,,,,,,,,,,
胃痛,腹痛,,,,,,,,,,,,,,,,,,,,,,,,,,,,,,,,,,,,,,,,,,
惨敗,大敗,完敗,総崩れ,一ころ,,,,,,,,,,,,,,,,,,,,,,,,,,,,,,,,,,,,,,,
退廃,頽廃,衰滅,退潮,減退,凋落,退勢,衰勢,低下,頽勢,減衰,下落,下り坂,下向き,弱り,萎靡,衰頽,落潮,衰萎,下むき,式微,凋残,,,,,,,,,,,,,,,,,,,,,,
くり返し,繰りかえし,繰返し,繰かえし,,,,,,,,,,,,,,,,,,,,,,,,,,,,,,,,,,,,,,,,
そそくさ,,,,,,,,,,,,,,,,,,,,,,,,,,,,,,,,,,,,,,,,,,,
失礼,僭越,生意気,小癪,厚顔,猪口才,ちょこざい,僣越,小意気,,,,,,,,,,,,,,,,,,,,,,,,,,,,,,,,,,,
疎む,疎んじる,,,,,,,,,,,,,,,,,,,,,,,,,,,,,,,,,,,,,,,,,,
赤痢,赤腹,,,,,,,,,,,,,,,,,,,,,,,,,,,,,,,,,,,,,,,,,,
不意打ち,ふいうち,,,,,,,,,,,,,,,,,,,,,,,,,,,,,,,,,,,,,,,,,,
みすぼらしい,みすぼらしー,,,,,,,,,,,,,,,,,,,,,,,,,,,,,,,,,,,,,,,,,,
雇い主,主人,領主,主君,君主,マスター,殿,大君主,,,,,,,,,,,,,,,,,,,,,,,,,,,,,,,,,,,,
放蕩,放埒,,,,,,,,,,,,,,,,,,,,,,,,,,,,,,,,,,,,,,,,,,
送還,そーかん,,,,,,,,,,,,,,,,,,,,,,,,,,,,,,,,,,,,,,,,,,
苦々しい,にがにがしー,,,,,,,,,,,,,,,,,,,,,,,,,,,,,,,,,,,,,,,,,,
負け犬,敗者,下積み,屑,落人,穀潰し,溢者,,,,,,,,,,,,,,,,,,,,,,,,,,,,,,,,,,,,,
冷やかす,冷める,冷やす,冷ます,冷える,,,,,,,,,,,,,,,,,,,,,,,,,,,,,,,,,,,,,,,
狂乱,狂気,激情,逆上,病的興奮,,,,,,,,,,,,,,,,,,,,,,,,,,,,,,,,,,,,,,,
引きずり出す,ひきずりだす,,,,,,,,,,,,,,,,,,,,,,,,,,,,,,,,,,,,,,,,,,
道連れ,道づれ,同行,伴侶,,,,,,,,,,,,,,,,,,,,,,,,,,,,,,,,,,,,,,,,
官憲,警官,警察,巡査,婦警,,,,,,,,,,,,,,,,,,,,,,,,,,,,,,,,,,,,,,,
軍法,兵法,作戦,用兵,戦術,軍略,戦法,駆け引き,オペレーション,韜略,駆引き,,,,,,,,,,,,,,,,,,,,,,,,,,,,,,,,,
言い渡し,言渡し,申し渡し,申渡し,申しわたし,,,,,,,,,,,,,,,,,,,,,,,,,,,,,,,,,,,,,,,
チアノーゼ,,,,,,,,,,,,,,,,,,,,,,,,,,,,,,,,,,,,,,,,,,,
名指し,指名,,,,,,,,,,,,,,,,,,,,,,,,,,,,,,,,,,,,,,,,,,
醜悪,下劣,低劣,下衆,下種,下司,陋劣,鄙劣,端ない,,,,,,,,,,,,,,,,,,,,,,,,,,,,,,,,,,,
コカイン,こかいん,,,,,,,,,,,,,,,,,,,,,,,,,,,,,,,,,,,,,,,,,,
密告,告げ口,,,,,,,,,,,,,,,,,,,,,,,,,,,,,,,,,,,,,,,,,,
切り下げる,引き下げる,梳る,引下げる,,,,,,,,,,,,,,,,,,,,,,,,,,,,,,,,,,,,,,,,
農奴,,,,,,,,,,,,,,,,,,,,,,,,,,,,,,,,,,,,,,,,,,,
ブーイング,ぶーいんぐ,,,,,,,,,,,,,,,,,,,,,,,,,,,,,,,,,,,,,,,,,,
コンベンション,,,,,,,,,,,,,,,,,,,,,,,,,,,,,,,,,,,,,,,,,,,
よそよそしい,よそよそしー,,,,,,,,,,,,,,,,,,,,,,,,,,,,,,,,,,,,,,,,,,
無法,無政府,乱世,無法状態,無警察,,,,,,,,,,,,,,,,,,,,,,,,,,,,,,,,,,,,,,,
ニヒリズム,にひりずむ,,,,,,,,,,,,,,,,,,,,,,,,,,,,,,,,,,,,,,,,,,
離反,疎隔,,,,,,,,,,,,,,,,,,,,,,,,,,,,,,,,,,,,,,,,,,
水の泡,水泡,気泡,泡沫,あぶく,水沫,,,,,,,,,,,,,,,,,,,,,,,,,,,,,,,,,,,,,,
刑期,,,,,,,,,,,,,,,,,,,,,,,,,,,,,,,,,,,,,,,,,,,
非人道的,,,,,,,,,,,,,,,,,,,,,,,,,,,,,,,,,,,,,,,,,,,
墓穴,墳墓,御霊屋,青山,塚穴,埋墓,,,,,,,,,,,,,,,,,,,,,,,,,,,,,,,,,,,,,,
不摂生,,,,,,,,,,,,,,,,,,,,,,,,,,,,,,,,,,,,,,,,,,,
愚かしい,おろかしー,,,,,,,,,,,,,,,,,,,,,,,,,,,,,,,,,,,,,,,,,,
しっぺ返し,お返し,酬う,酬いる,竹篦返し,しっぺい返し,竹蓖返し,御返し,,,,,,,,,,,,,,,,,,,,,,,,,,,,,,,,,,,,
独房,,,,,,,,,,,,,,,,,,,,,,,,,,,,,,,,,,,,,,,,,,,
腫れ物,腫物,腫脹,瘤,たんこぶ,隆起,地腫れ,お出来,御出来,腫れもの,たん瘤,腫大,,,,,,,,,,,,,,,,,,,,,,,,,,,,,,,,
背信,内通,内応,謀叛,逆心,異心,返り忠,乱逆,,,,,,,,,,,,,,,,,,,,,,,,,,,,,,,,,,,,
ハイエナ,はいえな,,,,,,,,,,,,,,,,,,,,,,,,,,,,,,,,,,,,,,,,,,
失笑,,,,,,,,,,,,,,,,,,,,,,,,,,,,,,,,,,,,,,,,,,,
極貧,貧窮,赤貧,,,,,,,,,,,,,,,,,,,,,,,,,,,,,,,,,,,,,,,,,
巣窟,栖,潜窟,住み家,住みか,住み処,,,,,,,,,,,,,,,,,,,,,,,,,,,,,,,,,,,,,,
腰骨,剛毅,豪毅,不屈さ,,,,,,,,,,,,,,,,,,,,,,,,,,,,,,,,,,,,,,,,
虚勢,,,,,,,,,,,,,,,,,,,,,,,,,,,,,,,,,,,,,,,,,,,
血なまぐさい,,,,,,,,,,,,,,,,,,,,,,,,,,,,,,,,,,,,,,,,,,,
放心,安堵,安心,緩和,心弛,人心地,,,,,,,,,,,,,,,,,,,,,,,,,,,,,,,,,,,,,,
熱射病,ねっしゃびょー,,,,,,,,,,,,,,,,,,,,,,,,,,,,,,,,,,,,,,,,,,
菰,お菰,物もらい,物貰い,陪堂,乞匈,菰かぶり,薦被,乞丐,菰被り,お薦,御貰い,乞児,薦かぶり,薦被り,,,,,,,,,,,,,,,,,,,,,,,,,,,,,
不遇,数奇,因果,,,,,,,,,,,,,,,,,,,,,,,,,,,,,,,,,,,,,,,,,
溺死,水死,,,,,,,,,,,,,,,,,,,,,,,,,,,,,,,,,,,,,,,,,,
未決,未決定,,,,,,,,,,,,,,,,,,,,,,,,,,,,,,,,,,,,,,,,,,
息巻く,,,,,,,,,,,,,,,,,,,,,,,,,,,,,,,,,,,,,,,,,,,
いたずら,悪戯,悪ふざけ,イタズラ,,,,,,,,,,,,,,,,,,,,,,,,,,,,,,,,,,,,,,,,
のらりくらり,,,,,,,,,,,,,,,,,,,,,,,,,,,,,,,,,,,,,,,,,,,
からかい,,,,,,,,,,,,,,,,,,,,,,,,,,,,,,,,,,,,,,,,,,,
憐憫,恩情,哀愍,憐情,憐愍,お情け,哀憐,,,,,,,,,,,,,,,,,,,,,,,,,,,,,,,,,,,,,
躁病,,,,,,,,,,,,,,,,,,,,,,,,,,,,,,,,,,,,,,,,,,,
言い立てる,申し立てる,申し上げる,述べる,云う,申し出る,弁じ立てる,申し述べる,陳ずる,言いたてる,陳べる,申立てる,言立てる,申したてる,陳じる,,,,,,,,,,,,,,,,,,,,,,,,,,,,,
妄言,虚言,嘘,虚偽,偽り,妄語,うそ,虚辞,譎詐,嘘偽り,空言,詐偽,空音,そら音,偽言,造言,,,,,,,,,,,,,,,,,,,,,,,,,,,,
負け惜しみ,,,,,,,,,,,,,,,,,,,,,,,,,,,,,,,,,,,,,,,,,,,
陰険,狡猾,,,,,,,,,,,,,,,,,,,,,,,,,,,,,,,,,,,,,,,,,,
吹きすさぶ,,,,,,,,,,,,,,,,,,,,,,,,,,,,,,,,,,,,,,,,,,,
敵対心,てきたいしん,,,,,,,,,,,,,,,,,,,,,,,,,,,,,,,,,,,,,,,,,,
オーバーヒート,おーばーひーと,,,,,,,,,,,,,,,,,,,,,,,,,,,,,,,,,,,,,,,,,,
怒号,,,,,,,,,,,,,,,,,,,,,,,,,,,,,,,,,,,,,,,,,,,
悪鬼,悪霊,鬼神,悪神,亡者,魔物,妖魔,悪魔,魔王,邪神,妖怪,天魔,魔神,デーモン,デビル,デモン,生剥,生はげ,邪鬼,ディーモン,生剥げ,波旬,,,,,,,,,,,,,,,,,,,,,,
肉欲,好色,色好み,好き事,肉情,肉慾,,,,,,,,,,,,,,,,,,,,,,,,,,,,,,,,,,,,,,
夢遊病,むゆーびょー,,,,,,,,,,,,,,,,,,,,,,,,,,,,,,,,,,,,,,,,,,
サボタージュ,さぼたーじゅ,,,,,,,,,,,,,,,,,,,,,,,,,,,,,,,,,,,,,,,,,,
パラノイア,ぱらのいあ,,,,,,,,,,,,,,,,,,,,,,,,,,,,,,,,,,,,,,,,,,
背教,放棄,,,,,,,,,,,,,,,,,,,,,,,,,,,,,,,,,,,,,,,,,,
絞め殺す,縊る,絞殺す,,,,,,,,,,,,,,,,,,,,,,,,,,,,,,,,,,,,,,,,,
突き通す,貫き通す,貫く,打ち抜く,ぶっ通す,つき抜ける,突き抜く,ぶち抜く,打抜く,突通る,,,,,,,,,,,,,,,,,,,,,,,,,,,,,,,,,,
越権,,,,,,,,,,,,,,,,,,,,,,,,,,,,,,,,,,,,,,,,,,,
急迫,火急,緊急,危急,急場,エマージェンシー,究追,窮追,,,,,,,,,,,,,,,,,,,,,,,,,,,,,,,,,,,,
追い剥ぎ,追いはぎ,盗賊,山賊,追剥,賊徒,匪賊,野盗,,,,,,,,,,,,,,,,,,,,,,,,,,,,,,,,,,,,
誤審,ごしん,,,,,,,,,,,,,,,,,,,,,,,,,,,,,,,,,,,,,,,,,,
口止め,口封じ,,,,,,,,,,,,,,,,,,,,,,,,,,,,,,,,,,,,,,,,,,
欠場,欠勤,不在,留守,,,,,,,,,,,,,,,,,,,,,,,,,,,,,,,,,,,,,,,,
腰抜け,弱虫,腰ぬけ,懦夫,怯者,,,,,,,,,,,,,,,,,,,,,,,,,,,,,,,,,,,,,,,
讒言,讒口,,,,,,,,,,,,,,,,,,,,,,,,,,,,,,,,,,,,,,,,,,
意趣,意図,作意,目当て,目的,目処,目標,目途,あてど,当て所,,,,,,,,,,,,,,,,,,,,,,,,,,,,,,,,,,
敵愾心,てきがいしん,,,,,,,,,,,,,,,,,,,,,,,,,,,,,,,,,,,,,,,,,,
気晴らし,憂さ晴らし,リフレッシュ,,,,,,,,,,,,,,,,,,,,,,,,,,,,,,,,,,,,,,,,,
俗悪,卑俗,下賎,麁陋,粗陋,,,,,,,,,,,,,,,,,,,,,,,,,,,,,,,,,,,,,,,
醜聞,仇名,怪聞,,,,,,,,,,,,,,,,,,,,,,,,,,,,,,,,,,,,,,,,,
煩い,,,,,,,,,,,,,,,,,,,,,,,,,,,,,,,,,,,,,,,,,,,
むざむざ,,,,,,,,,,,,,,,,,,,,,,,,,,,,,,,,,,,,,,,,,,,
過保護,,,,,,,,,,,,,,,,,,,,,,,,,,,,,,,,,,,,,,,,,,,
大目玉,,,,,,,,,,,,,,,,,,,,,,,,,,,,,,,,,,,,,,,,,,,
ふしだら,淫蕩,自堕落,不身持ち,,,,,,,,,,,,,,,,,,,,,,,,,,,,,,,,,,,,,,,,
女たらし,,,,,,,,,,,,,,,,,,,,,,,,,,,,,,,,,,,,,,,,,,,
割腹,切腹,腹切り,,,,,,,,,,,,,,,,,,,,,,,,,,,,,,,,,,,,,,,,,
承服,受諾,認容,承認,受容,承伏,,,,,,,,,,,,,,,,,,,,,,,,,,,,,,,,,,,,,,
微罪,軽科,,,,,,,,,,,,,,,,,,,,,,,,,,,,,,,,,,,,,,,,,,
毒牙,,,,,,,,,,,,,,,,,,,,,,,,,,,,,,,,,,,,,,,,,,,
人さらい,勾引,人攫い,,,,,,,,,,,,,,,,,,,,,,,,,,,,,,,,,,,,,,,,,
入れ知恵,思い付き,入れ智慧,,,,,,,,,,,,,,,,,,,,,,,,,,,,,,,,,,,,,,,,,
情交,情事,色事,,,,,,,,,,,,,,,,,,,,,,,,,,,,,,,,,,,,,,,,,
スタンドプレー,すたんどぷれー,,,,,,,,,,,,,,,,,,,,,,,,,,,,,,,,,,,,,,,,,,
精根,精気,バイタリティー,血気,生気,気勢,元気,エネルギー,活力,活気,精力,エナジー,神気,ヴァイタリティー,,,,,,,,,,,,,,,,,,,,,,,,,,,,,,
黒死病,こくしびょー,,,,,,,,,,,,,,,,,,,,,,,,,,,,,,,,,,,,,,,,,,
インフルエンザ,流感,,,,,,,,,,,,,,,,,,,,,,,,,,,,,,,,,,,,,,,,,,
偏執狂,へんしゅーきょー,,,,,,,,,,,,,,,,,,,,,,,,,,,,,,,,,,,,,,,,,,
肋膜,胸膜,,,,,,,,,,,,,,,,,,,,,,,,,,,,,,,,,,,,,,,,,,
不戦敗,,,,,,,,,,,,,,,,,,,,,,,,,,,,,,,,,,,,,,,,,,,
耄碌,もーろく,,,,,,,,,,,,,,,,,,,,,,,,,,,,,,,,,,,,,,,,,,
盗癖,,,,,,,,,,,,,,,,,,,,,,,,,,,,,,,,,,,,,,,,,,,
夢精,,,,,,,,,,,,,,,,,,,,,,,,,,,,,,,,,,,,,,,,,,,
蛇蝎,大蛇,長蛇,スネーク,長虫,蛇蠍,,,,,,,,,,,,,,,,,,,,,,,,,,,,,,,,,,,,,,
ダムダム弾,だむだむだん,,,,,,,,,,,,,,,,,,,,,,,,,,,,,,,,,,,,,,,,,,
党派心,とーはしん,,,,,,,,,,,,,,,,,,,,,,,,,,,,,,,,,,,,,,,,,,
姦夫,女敵,間夫,密夫,,,,,,,,,,,,,,,,,,,,,,,,,,,,,,,,,,,,,,,,
手淫,オナニー,マスターベーション,,,,,,,,,,,,,,,,,,,,,,,,,,,,,,,,,,,,,,,,,
轟々たる,轟轟たる,,,,,,,,,,,,,,,,,,,,,,,,,,,,,,,,,,,,,,,,,,
床入り,同衾,共寝,交接,セックス,ファック,,,,,,,,,,,,,,,,,,,,,,,,,,,,,,,,,,,,,,
身勝手,我がまま,自分勝手,我侭,わがまま,野放図,一方的,我が儘,我が侭,得手勝手,エゴイスチック,手前勝手,我まま,エゴイスティック,,,,,,,,,,,,,,,,,,,,,,,,,,,,,,
最早,もはや,,,,,,,,,,,,,,,,,,,,,,,,,,,,,,,,,,,,,,,,,,
騙す,,,,,,,,,,,,,,,,,,,,,,,,,,,,,,,,,,,,,,,,,,,
孕む,宿す,身ごもる,身篭る,折れ込む,胎む,妊む,身籠る,折込む,身篭もる,,,,,,,,,,,,,,,,,,,,,,,,,,,,,,,,,,
縋る,しがみつく,抱きつく,取り付く,取っ付く,掻付く,寄縋る,抱き付く,取縋る,抱付く,縋りつく,寄りすがる,取付く,取りすがる,縋付く,縋り付く,寄り縋る,しがみ付く,取り縋る,取りつく,,,,,,,,,,,,,,,,,,,,,,,,
延々,えんえん,,,,,,,,,,,,,,,,,,,,,,,,,,,,,,,,,,,,,,,,,,
馬鹿馬鹿しい,ばかばかしー,,,,,,,,,,,,,,,,,,,,,,,,,,,,,,,,,,,,,,,,,,
投げ付ける,叩き付ける,打当てる,打ち当てる,,,,,,,,,,,,,,,,,,,,,,,,,,,,,,,,,,,,,,,,
独りぼっち,一人ぼっち,孤独,,,,,,,,,,,,,,,,,,,,,,,,,,,,,,,,,,,,,,,,,
噛み付く,キレる,呻く,噛付く,,,,,,,,,,,,,,,,,,,,,,,,,,,,,,,,,,,,,,,,
嵩む,増える,増す,高まる,伸びる,膨れ上がる,膨む,膨れ上る,,,,,,,,,,,,,,,,,,,,,,,,,,,,,,,,,,,,
引っ掻く,,,,,,,,,,,,,,,,,,,,,,,,,,,,,,,,,,,,,,,,,,,
必至,拠所ない,余儀無い,拠所無い,余儀ない,よんどころない,,,,,,,,,,,,,,,,,,,,,,,,,,,,,,,,,,,,,,
訝る,怪しむ,思う,疑う,念う,怪しがる,訝しむ,不審がる,疑る,,,,,,,,,,,,,,,,,,,,,,,,,,,,,,,,,,,
不確か,不慥か,,,,,,,,,,,,,,,,,,,,,,,,,,,,,,,,,,,,,,,,,,
悪阻,,,,,,,,,,,,,,,,,,,,,,,,,,,,,,,,,,,,,,,,,,,
腹立ち,向かっ腹,,,,,,,,,,,,,,,,,,,,,,,,,,,,,,,,,,,,,,,,,,
血相,顔色,姿,表情,身なり,面構え,形相,風采,顔つき,風体,外見,顔付き,形状,見附,目見,見付,面体,目顔,つら構,面がまえ,面持,目色,風骨,面もち,顔ばせ,相形,つら構え,,,,,,,,,,,,,,,,,
不手際,へま,下手,ヘマ,非力,へぼ,へた,ぶきっちょ,,,,,,,,,,,,,,,,,,,,,,,,,,,,,,,,,,,,
喉仏,,,,,,,,,,,,,,,,,,,,,,,,,,,,,,,,,,,,,,,,,,,
高ぶり,昂奮,熱血,昂ぶり,亢奮,,,,,,,,,,,,,,,,,,,,,,,,,,,,,,,,,,,,,,,
身重,,,,,,,,,,,,,,,,,,,,,,,,,,,,,,,,,,,,,,,,,,,
生贄,生け贄,身代わり,スケープゴート,犠牲,身替わり,,,,,,,,,,,,,,,,,,,,,,,,,,,,,,,,,,,,,,
嗜癖,中毒,依存,耽溺,,,,,,,,,,,,,,,,,,,,,,,,,,,,,,,,,,,,,,,,
こそ泥,鼠賊,,,,,,,,,,,,,,,,,,,,,,,,,,,,,,,,,,,,,,,,,,
ニガー,黒ん坊,,,,,,,,,,,,,,,,,,,,,,,,,,,,,,,,,,,,,,,,,,
ロボトミー,ろぼとみー,,,,,,,,,,,,,,,,,,,,,,,,,,,,,,,,,,,,,,,,,,
欺罔,欺瞞,,,,,,,,,,,,,,,,,,,,,,,,,,,,,,,,,,,,,,,,,,
大勢,多人数,多勢,大人数,,,,,,,,,,,,,,,,,,,,,,,,,,,,,,,,,,,,,,,,
後ずさり,後進,後じさり,後退り,,,,,,,,,,,,,,,,,,,,,,,,,,,,,,,,,,,,,,,,
死に神,薨去,死神,入滅,卒去,昇天,他界,ポア,先途,棄世,,,,,,,,,,,,,,,,,,,,,,,,,,,,,,,,,,
ホモセクシュアル,ホモセクシャル,,,,,,,,,,,,,,,,,,,,,,,,,,,,,,,,,,,,,,,,,,
常習犯,じょーしゅーはん,,,,,,,,,,,,,,,,,,,,,,,,,,,,,,,,,,,,,,,,,,
はけ口,解放,出口,,,,,,,,,,,,,,,,,,,,,,,,,,,,,,,,,,,,,,,,,
嫉み,妬み,妬む,やっかみ,ねたみ,そねみ,そねむ,嫉む,ねたむ,,,,,,,,,,,,,,,,,,,,,,,,,,,,,,,,,,,
不条理,,,,,,,,,,,,,,,,,,,,,,,,,,,,,,,,,,,,,,,,,,,
あざけり,,,,,,,,,,,,,,,,,,,,,,,,,,,,,,,,,,,,,,,,,,,
火打ち石,ひうちいし,,,,,,,,,,,,,,,,,,,,,,,,,,,,,,,,,,,,,,,,,,
踏みとどまる,抗う,踏ん張る,挑む,抗する,立ち向かう,歯向かう,粘る,斥ける,楯突く,刃むかう,踏張る,手向かう,踏みこたえる,諍う,あらがう,踏み堪える,盾突く,歯むかう,立向う,踏んばる,立向かう,踏み止まる,踏止まる,叛する,踏留まる,踏み留まる,踏堪える,じたばたする,盾つく,邀え撃つ,手むかう,立ちむかう,,,,,,,,,,,
付きまとう,付き纏う,付纏う,,,,,,,,,,,,,,,,,,,,,,,,,,,,,,,,,,,,,,,,,
支離滅裂,しりめつれつ,,,,,,,,,,,,,,,,,,,,,,,,,,,,,,,,,,,,,,,,,,
執念深い,意地悪,,,,,,,,,,,,,,,,,,,,,,,,,,,,,,,,,,,,,,,,,,
頑として,がんとして,,,,,,,,,,,,,,,,,,,,,,,,,,,,,,,,,,,,,,,,,,
無意味,ナンセンス,,,,,,,,,,,,,,,,,,,,,,,,,,,,,,,,,,,,,,,,,,
厚かましい,あつかましー,,,,,,,,,,,,,,,,,,,,,,,,,,,,,,,,,,,,,,,,,,
異常,アブノーマル,,,,,,,,,,,,,,,,,,,,,,,,,,,,,,,,,,,,,,,,,,
鼾,いびき,イビキ,,,,,,,,,,,,,,,,,,,,,,,,,,,,,,,,,,,,,,,,,
うたがう,,,,,,,,,,,,,,,,,,,,,,,,,,,,,,,,,,,,,,,,,,,
負う,依る,,,,,,,,,,,,,,,,,,,,,,,,,,,,,,,,,,,,,,,,,,
汚染,おせん,,,,,,,,,,,,,,,,,,,,,,,,,,,,,,,,,,,,,,,,,,
隠す,包む,潜める,被う,秘める,覆い隠す,掩う,被隠す,押隠す,包みかくす,包み隠す,押し隠す,蔽う,被い隠す,押包む,裹む,押しかくす,,,,,,,,,,,,,,,,,,,,,,,,,,,
きらう,,,,,,,,,,,,,,,,,,,,,,,,,,,,,,,,,,,,,,,,,,,
食い違う,異なる,異にする,異る,食違う,相異なる,,,,,,,,,,,,,,,,,,,,,,,,,,,,,,,,,,,,,,
苦情,クレーム,,,,,,,,,,,,,,,,,,,,,,,,,,,,,,,,,,,,,,,,,,
くだらない,,,,,,,,,,,,,,,,,,,,,,,,,,,,,,,,,,,,,,,,,,,
焦げる,焼ける,焦がす,燃える,燃やす,灯る,火照る,点る,燃す,,,,,,,,,,,,,,,,,,,,,,,,,,,,,,,,,,,
突き刺す,突きさす,突刺す,突きたてる,,,,,,,,,,,,,,,,,,,,,,,,,,,,,,,,,,,,,,,,
死者,故人,亡き人,,,,,,,,,,,,,,,,,,,,,,,,,,,,,,,,,,,,,,,,,
離職,,,,,,,,,,,,,,,,,,,,,,,,,,,,,,,,,,,,,,,,,,,
支払い,払い込み,払い出し,,,,,,,,,,,,,,,,,,,,,,,,,,,,,,,,,,,,,,,,,
縛る,,,,,,,,,,,,,,,,,,,,,,,,,,,,,,,,,,,,,,,,,,,
生じる,,,,,,,,,,,,,,,,,,,,,,,,,,,,,,,,,,,,,,,,,,,
コンディション,調子,,,,,,,,,,,,,,,,,,,,,,,,,,,,,,,,,,,,,,,,,,
食中毒,しょくちゅーどく,,,,,,,,,,,,,,,,,,,,,,,,,,,,,,,,,,,,,,,,,,
処置,措置,手当て,,,,,,,,,,,,,,,,,,,,,,,,,,,,,,,,,,,,,,,,,
神経質,しんけーしつ,,,,,,,,,,,,,,,,,,,,,,,,,,,,,,,,,,,,,,,,,,
粗雑,ぞんざい,大ざっぱ,大まか,粗大,おおまか,粗笨,いけぞんざい,,,,,,,,,,,,,,,,,,,,,,,,,,,,,,,,,,,,
ダブルパンチ,だぶるぱんち,,,,,,,,,,,,,,,,,,,,,,,,,,,,,,,,,,,,,,,,,,
長期間,,,,,,,,,,,,,,,,,,,,,,,,,,,,,,,,,,,,,,,,,,,
倒産,破産,,,,,,,,,,,,,,,,,,,,,,,,,,,,,,,,,,,,,,,,,,
突然,とつぜん,,,,,,,,,,,,,,,,,,,,,,,,,,,,,,,,,,,,,,,,,,
怒鳴る,張り上げる,嘯く,呼ばわる,喚き立てる,張りあげる,さかぶ,がなり立てる,振り立てる,叫く,,,,,,,,,,,,,,,,,,,,,,,,,,,,,,,,,,
憎い,,,,,,,,,,,,,,,,,,,,,,,,,,,,,,,,,,,,,,,,,,,
反論,反駁,,,,,,,,,,,,,,,,,,,,,,,,,,,,,,,,,,,,,,,,,,
引下る,,,,,,,,,,,,,,,,,,,,,,,,,,,,,,,,,,,,,,,,,,,
否決,拒絶,排斥,排除,断わり,断り,擯斥,,,,,,,,,,,,,,,,,,,,,,,,,,,,,,,,,,,,,
肥満,デブ,,,,,,,,,,,,,,,,,,,,,,,,,,,,,,,,,,,,,,,,,,
不整合,,,,,,,,,,,,,,,,,,,,,,,,,,,,,,,,,,,,,,,,,,,
不景気,不況,リセッション,,,,,,,,,,,,,,,,,,,,,,,,,,,,,,,,,,,,,,,,,
ぶつける,叩きつける,打ちつける,ぶつかる,突き当たる,打当たる,打つかる,ぶっつける,突掛ける,撲つ,打ち当る,打当る,突当る,突きあたる,突当たる,中る,打ち当たる,ぶち当たる,,,,,,,,,,,,,,,,,,,,,,,,,,
踏み込む,入り込む,押し込む,乗り込む,押し入る,押込む,,,,,,,,,,,,,,,,,,,,,,,,,,,,,,,,,,,,,,
迷惑,邪魔っけ,邪魔っ気,じゃまっけ,心気臭い,,,,,,,,,,,,,,,,,,,,,,,,,,,,,,,,,,,,,,,
有毒,,,,,,,,,,,,,,,,,,,,,,,,,,,,,,,,,,,,,,,,,,,
酔っ払う,,,,,,,,,,,,,,,,,,,,,,,,,,,,,,,,,,,,,,,,,,,
余命,,,,,,,,,,,,,,,,,,,,,,,,,,,,,,,,,,,,,,,,,,,
弱み,弱点,,,,,,,,,,,,,,,,,,,,,,,,,,,,,,,,,,,,,,,,,,
事件,出来事,事例,案件,ケース,実例,場合,,,,,,,,,,,,,,,,,,,,,,,,,,,,,,,,,,,,,
なくなる,,,,,,,,,,,,,,,,,,,,,,,,,,,,,,,,,,,,,,,,,,,
止める,食い止める,停める,差し止める,取り止める,取りやめる,打ち切る,食止める,くい止める,食留める,,,,,,,,,,,,,,,,,,,,,,,,,,,,,,,,,,
軽い,かるい,,,,,,,,,,,,,,,,,,,,,,,,,,,,,,,,,,,,,,,,,,
弱い,よわい,,,,,,,,,,,,,,,,,,,,,,,,,,,,,,,,,,,,,,,,,,
懐妊,懐胎,妊娠,コンセプション,おめでた,,,,,,,,,,,,,,,,,,,,,,,,,,,,,,,,,,,,,,,
弔う,,,,,,,,,,,,,,,,,,,,,,,,,,,,,,,,,,,,,,,,,,,
義務,責任,責務,任務,オブリゲイション,オブリゲーション,,,,,,,,,,,,,,,,,,,,,,,,,,,,,,,,,,,,,,
離婚,,,,,,,,,,,,,,,,,,,,,,,,,,,,,,,,,,,,,,,,,,,
ウソ,,,,,,,,,,,,,,,,,,,,,,,,,,,,,,,,,,,,,,,,,,,
バカ,フール,,,,,,,,,,,,,,,,,,,,,,,,,,,,,,,,,,,,,,,,,,
賠償,補償,償金,対価,弁償,報酬,報奨,償い,謝金,代償,報償,埋め合わせ,てん補,埋めあわせ,埋合,,,,,,,,,,,,,,,,,,,,,,,,,,,,,
遂に,,,,,,,,,,,,,,,,,,,,,,,,,,,,,,,,,,,,,,,,,,,
訴訟,,,,,,,,,,,,,,,,,,,,,,,,,,,,,,,,,,,,,,,,,,,
悲しい,かなしー,,,,,,,,,,,,,,,,,,,,,,,,,,,,,,,,,,,,,,,,,,
寂しい,さびしー,,,,,,,,,,,,,,,,,,,,,,,,,,,,,,,,,,,,,,,,,,
ダメージ,,,,,,,,,,,,,,,,,,,,,,,,,,,,,,,,,,,,,,,,,,,
壊れる,打ち壊れる,打壊れる,ぶっ壊れる,いかれる,打っ壊れる,,,,,,,,,,,,,,,,,,,,,,,,,,,,,,,,,,,,,,
崩壊,ほーかい,,,,,,,,,,,,,,,,,,,,,,,,,,,,,,,,,,,,,,,,,,
肺臓,胸部,ルンゲ,,,,,,,,,,,,,,,,,,,,,,,,,,,,,,,,,,,,,,,,,
慢性,慢性的,,,,,,,,,,,,,,,,,,,,,,,,,,,,,,,,,,,,,,,,,,
話し,申し言,,,,,,,,,,,,,,,,,,,,,,,,,,,,,,,,,,,,,,,,,,
頭痛,,,,,,,,,,,,,,,,,,,,,,,,,,,,,,,,,,,,,,,,,,,
山峡,峡谷,渓谷,ゴルジュ,渓間,,,,,,,,,,,,,,,,,,,,,,,,,,,,,,,,,,,,,,,
貧困,貧乏,,,,,,,,,,,,,,,,,,,,,,,,,,,,,,,,,,,,,,,,,,
不十分,,,,,,,,,,,,,,,,,,,,,,,,,,,,,,,,,,,,,,,,,,,
疲労,ひろー,,,,,,,,,,,,,,,,,,,,,,,,,,,,,,,,,,,,,,,,,,
発作,不機嫌,激発,むかっ腹,,,,,,,,,,,,,,,,,,,,,,,,,,,,,,,,,,,,,,,,
注射,インジェクション,,,,,,,,,,,,,,,,,,,,,,,,,,,,,,,,,,,,,,,,,,
吐く,,,,,,,,,,,,,,,,,,,,,,,,,,,,,,,,,,,,,,,,,,,
兵士,ソルジャー,,,,,,,,,,,,,,,,,,,,,,,,,,,,,,,,,,,,,,,,,,
詐欺,ペテン,,,,,,,,,,,,,,,,,,,,,,,,,,,,,,,,,,,,,,,,,,
潰す,屠る,,,,,,,,,,,,,,,,,,,,,,,,,,,,,,,,,,,,,,,,,,
奴隷,,,,,,,,,,,,,,,,,,,,,,,,,,,,,,,,,,,,,,,,,,,
内臓,,,,,,,,,,,,,,,,,,,,,,,,,,,,,,,,,,,,,,,,,,,
つまらない,,,,,,,,,,,,,,,,,,,,,,,,,,,,,,,,,,,,,,,,,,,
侵略,侵攻,侵入,占領,侵犯,占拠,侵掠,侵寇,,,,,,,,,,,,,,,,,,,,,,,,,,,,,,,,,,,,
死,喪失,,,,,,,,,,,,,,,,,,,,,,,,,,,,,,,,,,,,,,,,,,
漏れる,流れ出る,流れ出す,溢れる,滴す,洩れる,流れだす,漏る,流出す,零れる,,,,,,,,,,,,,,,,,,,,,,,,,,,,,,,,,,
断つ,絶つ,遮る,途切らす,,,,,,,,,,,,,,,,,,,,,,,,,,,,,,,,,,,,,,,,
どうにか,どうやら,曲がりなりにも,曲り形にも,如何にか,,,,,,,,,,,,,,,,,,,,,,,,,,,,,,,,,,,,,,,
脱ぐ,,,,,,,,,,,,,,,,,,,,,,,,,,,,,,,,,,,,,,,,,,,
法廷,,,,,,,,,,,,,,,,,,,,,,,,,,,,,,,,,,,,,,,,,,,
不適切,筋違い,筋ちがい,,,,,,,,,,,,,,,,,,,,,,,,,,,,,,,,,,,,,,,,,
遅滞,遅延,延滞,ディレイ,ディレー,,,,,,,,,,,,,,,,,,,,,,,,,,,,,,,,,,,,,,,
謝罪,しゃざい,,,,,,,,,,,,,,,,,,,,,,,,,,,,,,,,,,,,,,,,,,
白人,ホワイト,紅毛,白人種,,,,,,,,,,,,,,,,,,,,,,,,,,,,,,,,,,,,,,,,
吸い込む,吸い入れる,,,,,,,,,,,,,,,,,,,,,,,,,,,,,,,,,,,,,,,,,,
塞ぐ,埋める,満たす,満ちる,占める,充たす,占む,満す,充ちる,充す,,,,,,,,,,,,,,,,,,,,,,,,,,,,,,,,,,
弊害,厄難,,,,,,,,,,,,,,,,,,,,,,,,,,,,,,,,,,,,,,,,,,
猶予,遷延,延引,,,,,,,,,,,,,,,,,,,,,,,,,,,,,,,,,,,,,,,,,
リウマチ,リューマチ,ロイマチス,リョーマチ,リュウマチ,,,,,,,,,,,,,,,,,,,,,,,,,,,,,,,,,,,,,,,
弱る,衰える,減ずる,低まる,,,,,,,,,,,,,,,,,,,,,,,,,,,,,,,,,,,,,,,,
和らげる,和める,,,,,,,,,,,,,,,,,,,,,,,,,,,,,,,,,,,,,,,,,,
凄まじい,すさまじー,,,,,,,,,,,,,,,,,,,,,,,,,,,,,,,,,,,,,,,,,,
エイズ,えいず,,,,,,,,,,,,,,,,,,,,,,,,,,,,,,,,,,,,,,,,,,
無知,不案内,不学,,,,,,,,,,,,,,,,,,,,,,,,,,,,,,,,,,,,,,,,,
ことごとく,,,,,,,,,,,,,,,,,,,,,,,,,,,,,,,,,,,,,,,,,,,
無用,不要,不用,不必要,,,,,,,,,,,,,,,,,,,,,,,,,,,,,,,,,,,,,,,,
テーベー,,,,,,,,,,,,,,,,,,,,,,,,,,,,,,,,,,,,,,,,,,,
明かす,暮す,歩む,,,,,,,,,,,,,,,,,,,,,,,,,,,,,,,,,,,,,,,,,
顔面,点前,面子,建前,建て前,立前,,,,,,,,,,,,,,,,,,,,,,,,,,,,,,,,,,,,,,
軽度,,,,,,,,,,,,,,,,,,,,,,,,,,,,,,,,,,,,,,,,,,,
検察官,けんさつかん,,,,,,,,,,,,,,,,,,,,,,,,,,,,,,,,,,,,,,,,,,
脆弱,脆弱性,,,,,,,,,,,,,,,,,,,,,,,,,,,,,,,,,,,,,,,,,,
怖がる,恐ろしがる,恐がる,怖じ恐れる,怖恐れる,,,,,,,,,,,,,,,,,,,,,,,,,,,,,,,,,,,,,,,
どうにも,完全に,,,,,,,,,,,,,,,,,,,,,,,,,,,,,,,,,,,,,,,,,,
免責,免訴,恩赦,大赦,特赦,免罪,,,,,,,,,,,,,,,,,,,,,,,,,,,,,,,,,,,,,,
反動,反作用,リアクション,,,,,,,,,,,,,,,,,,,,,,,,,,,,,,,,,,,,,,,,,
吐き出す,,,,,,,,,,,,,,,,,,,,,,,,,,,,,,,,,,,,,,,,,,,
兆候,前兆,徴候,気配,暗示,萌,,,,,,,,,,,,,,,,,,,,,,,,,,,,,,,,,,,,,,
掉尾,帰結,終極,結び,括り,どん詰まり,どん詰り,,,,,,,,,,,,,,,,,,,,,,,,,,,,,,,,,,,,,
怨み,,,,,,,,,,,,,,,,,,,,,,,,,,,,,,,,,,,,,,,,,,,
閉ざす,封ずる,封じる,塞げる,,,,,,,,,,,,,,,,,,,,,,,,,,,,,,,,,,,,,,,,
人身,人体,有待,,,,,,,,,,,,,,,,,,,,,,,,,,,,,,,,,,,,,,,,,
だらだら,,,,,,,,,,,,,,,,,,,,,,,,,,,,,,,,,,,,,,,,,,,
ポリス,御巡り,,,,,,,,,,,,,,,,,,,,,,,,,,,,,,,,,,,,,,,,,,
斬りすて,斬り捨て,切りすて,,,,,,,,,,,,,,,,,,,,,,,,,,,,,,,,,,,,,,,,,
不眠,,,,,,,,,,,,,,,,,,,,,,,,,,,,,,,,,,,,,,,,,,,
騒ぎ,,,,,,,,,,,,,,,,,,,,,,,,,,,,,,,,,,,,,,,,,,,
不都合,,,,,,,,,,,,,,,,,,,,,,,,,,,,,,,,,,,,,,,,,,,
言い聞かせる,いーきかせる,,,,,,,,,,,,,,,,,,,,,,,,,,,,,,,,,,,,,,,,,,
無罪,無実,無邪気,天真爛漫,,,,,,,,,,,,,,,,,,,,,,,,,,,,,,,,,,,,,,,,
決着,落着,,,,,,,,,,,,,,,,,,,,,,,,,,,,,,,,,,,,,,,,,,
苦笑,苦笑い,,,,,,,,,,,,,,,,,,,,,,,,,,,,,,,,,,,,,,,,,,
後々,のちのち,あとあと,,,,,,,,,,,,,,,,,,,,,,,,,,,,,,,,,,,,,,,,,
直る,治す,癒す,癒やす,,,,,,,,,,,,,,,,,,,,,,,,,,,,,,,,,,,,,,,,
打ち明ける,告る,,,,,,,,,,,,,,,,,,,,,,,,,,,,,,,,,,,,,,,,,,
陰謀,魂胆,底企,底企み,底巧,隠謀,,,,,,,,,,,,,,,,,,,,,,,,,,,,,,,,,,,,,,
呪い,詛い,呪い事,呪い言,,,,,,,,,,,,,,,,,,,,,,,,,,,,,,,,,,,,,,,,
病人,,,,,,,,,,,,,,,,,,,,,,,,,,,,,,,,,,,,,,,,,,,
奇形,畸形,変形,片輪,,,,,,,,,,,,,,,,,,,,,,,,,,,,,,,,,,,,,,,,
剥ぐ,剥く,はぎ取る,剥ぎ取る,,,,,,,,,,,,,,,,,,,,,,,,,,,,,,,,,,,,,,,,
異変,惨劇,キャタストロフィー,トラジディー,非運,無慚,御難,ご難,,,,,,,,,,,,,,,,,,,,,,,,,,,,,,,,,,,,
吸入,きゅーにゅー,,,,,,,,,,,,,,,,,,,,,,,,,,,,,,,,,,,,,,,,,,
傲慢,不遜,高慢,尊大,横柄,傲岸,驕慢,高飛車,蔑ろ,大柄,腰高,大風,横風,豪然たる,高慢ちき,傲然たる,高圧的,かさ高,驕傲,権高,見高,高姿勢,,,,,,,,,,,,,,,,,,,,,,
暗殺,,,,,,,,,,,,,,,,,,,,,,,,,,,,,,,,,,,,,,,,,,,
空腹,ハングリー,腹ぺこ,,,,,,,,,,,,,,,,,,,,,,,,,,,,,,,,,,,,,,,,,
思いやる,,,,,,,,,,,,,,,,,,,,,,,,,,,,,,,,,,,,,,,,,,,
お化け,バケモノ,化け物,オバケ,おばけ,御化け,化けもの,,,,,,,,,,,,,,,,,,,,,,,,,,,,,,,,,,,,,
くいる,,,,,,,,,,,,,,,,,,,,,,,,,,,,,,,,,,,,,,,,,,,
反攻,反撃,逆襲,,,,,,,,,,,,,,,,,,,,,,,,,,,,,,,,,,,,,,,,,
伝染,蔓延,拡散,伝播,伝搬,普及,流布,波及,流通,浸透,散開,展延,遍満,蔓衍,,,,,,,,,,,,,,,,,,,,,,,,,,,,,,
立ち直る,持ち直す,復する,立直る,立ちなおる,持直す,,,,,,,,,,,,,,,,,,,,,,,,,,,,,,,,,,,,,,
不振,惰眠,,,,,,,,,,,,,,,,,,,,,,,,,,,,,,,,,,,,,,,,,,
さまよう,さすらう,さまよえる,,,,,,,,,,,,,,,,,,,,,,,,,,,,,,,,,,,,,,,,,
抱え込む,抱き込む,抱く,擁する,抱きしめる,抱きこむ,ひん抱く,抱込む,抱き締める,擁く,抱き抱える,抱締める,抱きよせる,いだき締める,抱入れる,抱き寄せる,,,,,,,,,,,,,,,,,,,,,,,,,,,,
不祥事,ふしょーじ,,,,,,,,,,,,,,,,,,,,,,,,,,,,,,,,,,,,,,,,,,
内戦,内乱,,,,,,,,,,,,,,,,,,,,,,,,,,,,,,,,,,,,,,,,,,
落とし穴,落し穴,,,,,,,,,,,,,,,,,,,,,,,,,,,,,,,,,,,,,,,,,,
投薬,,,,,,,,,,,,,,,,,,,,,,,,,,,,,,,,,,,,,,,,,,,
累積,蓄積,堆積,集積,,,,,,,,,,,,,,,,,,,,,,,,,,,,,,,,,,,,,,,,
ホームレス,ほーむれす,,,,,,,,,,,,,,,,,,,,,,,,,,,,,,,,,,,,,,,,,,
幻影,幻想,錯覚,幻覚,イリュージョン,,,,,,,,,,,,,,,,,,,,,,,,,,,,,,,,,,,,,,,
愛人,情婦,情人,,,,,,,,,,,,,,,,,,,,,,,,,,,,,,,,,,,,,,,,,
溺れる,溺れ死ぬ,,,,,,,,,,,,,,,,,,,,,,,,,,,,,,,,,,,,,,,,,,
出鱈目,デタラメ,でたらめ,法螺,ホラ,,,,,,,,,,,,,,,,,,,,,,,,,,,,,,,,,,,,,,,
傷む,腐れる,饐える,,,,,,,,,,,,,,,,,,,,,,,,,,,,,,,,,,,,,,,,,
叫び,叫び声,絶叫,叫びごえ,叫声,,,,,,,,,,,,,,,,,,,,,,,,,,,,,,,,,,,,,,,
歯止め,,,,,,,,,,,,,,,,,,,,,,,,,,,,,,,,,,,,,,,,,,,
通知,通告,ノーティス,,,,,,,,,,,,,,,,,,,,,,,,,,,,,,,,,,,,,,,,,
拍車,支脈,,,,,,,,,,,,,,,,,,,,,,,,,,,,,,,,,,,,,,,,,,
痰,喀痰,唾液,,,,,,,,,,,,,,,,,,,,,,,,,,,,,,,,,,,,,,,,,
断定,,,,,,,,,,,,,,,,,,,,,,,,,,,,,,,,,,,,,,,,,,,
嫌気,嫌忌,厭悪,厭忌,,,,,,,,,,,,,,,,,,,,,,,,,,,,,,,,,,,,,,,,
出くわす,出会う,落ち合う,出逢う,出合う,会す,臨む,出交す,落ちあう,出っくわす,出あう,搗合う,巡り合う,出会す,巡りあう,落合う,会する,相見る,,,,,,,,,,,,,,,,,,,,,,,,,,
思い返す,考え直す,見直し,思いかえす,思いなおす,思い直す,,,,,,,,,,,,,,,,,,,,,,,,,,,,,,,,,,,,,,
悪夢,,,,,,,,,,,,,,,,,,,,,,,,,,,,,,,,,,,,,,,,,,,
水虫,,,,,,,,,,,,,,,,,,,,,,,,,,,,,,,,,,,,,,,,,,,
生々しい,なまなましー,,,,,,,,,,,,,,,,,,,,,,,,,,,,,,,,,,,,,,,,,,
委縮,萎縮,収縮,,,,,,,,,,,,,,,,,,,,,,,,,,,,,,,,,,,,,,,,,
かさむ,かさばる,,,,,,,,,,,,,,,,,,,,,,,,,,,,,,,,,,,,,,,,,,
投棄,とーき,,,,,,,,,,,,,,,,,,,,,,,,,,,,,,,,,,,,,,,,,,
隠蔽,隠し立て,,,,,,,,,,,,,,,,,,,,,,,,,,,,,,,,,,,,,,,,,,
自尊心,じそんしん,,,,,,,,,,,,,,,,,,,,,,,,,,,,,,,,,,,,,,,,,,
航跡,,,,,,,,,,,,,,,,,,,,,,,,,,,,,,,,,,,,,,,,,,,
恐怖症,きょーふしょー,,,,,,,,,,,,,,,,,,,,,,,,,,,,,,,,,,,,,,,,,,
過多,無茶,ムチャ,アンリーゾナブル,アンリーズナブル,ベラボウ,,,,,,,,,,,,,,,,,,,,,,,,,,,,,,,,,,,,,,
誘拐,拉致,略取,拐引,,,,,,,,,,,,,,,,,,,,,,,,,,,,,,,,,,,,,,,,
睡眠薬,すいみんやく,,,,,,,,,,,,,,,,,,,,,,,,,,,,,,,,,,,,,,,,,,
切り落とす,切り取る,刈る,切り離す,切り払う,切りおとす,切落とす,切りとる,裁落す,裁落とす,切り落す,切りはなす,切取る,切落す,,,,,,,,,,,,,,,,,,,,,,,,,,,,,,
飢饉,欠乏,払底,饑饉,飢きん,凶荒,,,,,,,,,,,,,,,,,,,,,,,,,,,,,,,,,,,,,,
巻き上げる,吊り上げる,釣り上げる,つり上げる,吊るし上げる,吊上げる,釣上げる,舁き上げる,舁きあげる,巻き揚げる,吊し上げる,捲き上げる,舁上げる,,,,,,,,,,,,,,,,,,,,,,,,,,,,,,,
噛みつく,食いつく,咬む,噛む,噛切る,食い切る,食い千切る,食いちぎる,かみ切る,噛み切る,食らい付く,喰千切る,食付く,喰付く,喰い千切る,喰いつく,かみ付く,食い付く,喰い付く,食いきる,食千切る,喰らい付く,食切る,,,,,,,,,,,,,,,,,,,,,
肝硬変,,,,,,,,,,,,,,,,,,,,,,,,,,,,,,,,,,,,,,,,,,,
朽ちる,,,,,,,,,,,,,,,,,,,,,,,,,,,,,,,,,,,,,,,,,,,
無駄遣い,散財,浪費,空費,徒費,,,,,,,,,,,,,,,,,,,,,,,,,,,,,,,,,,,,,,,
洗脳,せんのー,,,,,,,,,,,,,,,,,,,,,,,,,,,,,,,,,,,,,,,,,,
取り締まる,締めくくる,締め括る,締括る,取締まる,督する,管する,,,,,,,,,,,,,,,,,,,,,,,,,,,,,,,,,,,,,
打ち勝つ,克つ,負かす,打勝つ,打破る,撃ち破る,克する,討破る,打ち克つ,打ち負かす,剋する,討ち破る,仆す,打負かす,,,,,,,,,,,,,,,,,,,,,,,,,,,,,,
同棲,,,,,,,,,,,,,,,,,,,,,,,,,,,,,,,,,,,,,,,,,,,
悪感情,嫌い,苦手,小面憎さ,厭さ,厭気,,,,,,,,,,,,,,,,,,,,,,,,,,,,,,,,,,,,,,
強硬,強靭,タフ,強剛,気丈夫,,,,,,,,,,,,,,,,,,,,,,,,,,,,,,,,,,,,,,,
押し入れ,押入れ,戸棚,クローゼット,キャビネット,クロゼット,,,,,,,,,,,,,,,,,,,,,,,,,,,,,,,,,,,,,,
科する,課す,課する,下す,加える,与える,賦する,,,,,,,,,,,,,,,,,,,,,,,,,,,,,,,,,,,,,
荒廃,こーはい,,,,,,,,,,,,,,,,,,,,,,,,,,,,,,,,,,,,,,,,,,
戦犯,せんぱん,,,,,,,,,,,,,,,,,,,,,,,,,,,,,,,,,,,,,,,,,,
心残り,遺憾,御気の毒様,お気の毒さま,本意無い,申し訳無い,申し訳ない,本意ない,申しわけない,申しわけ無い,,,,,,,,,,,,,,,,,,,,,,,,,,,,,,,,,,
デマ,,,,,,,,,,,,,,,,,,,,,,,,,,,,,,,,,,,,,,,,,,,
不眠症,ふみんしょー,,,,,,,,,,,,,,,,,,,,,,,,,,,,,,,,,,,,,,,,,,
仕業,挙止,,,,,,,,,,,,,,,,,,,,,,,,,,,,,,,,,,,,,,,,,,
瞞着,,,,,,,,,,,,,,,,,,,,,,,,,,,,,,,,,,,,,,,,,,,
アクシデント,事故,,,,,,,,,,,,,,,,,,,,,,,,,,,,,,,,,,,,,,,,,,
杜撰,散漫,乱雑,ちゃらんぽらん,アバウト,与太,雑然たる,御怱々,御怱怱,杜漏,御草々,御草草,,,,,,,,,,,,,,,,,,,,,,,,,,,,,,,,
傭兵,,,,,,,,,,,,,,,,,,,,,,,,,,,,,,,,,,,,,,,,,,,
擦り剥く,,,,,,,,,,,,,,,,,,,,,,,,,,,,,,,,,,,,,,,,,,,
借り手,借主,借り主,借方,,,,,,,,,,,,,,,,,,,,,,,,,,,,,,,,,,,,,,,,
不毛,荒漠たる,,,,,,,,,,,,,,,,,,,,,,,,,,,,,,,,,,,,,,,,,,
帰順,,,,,,,,,,,,,,,,,,,,,,,,,,,,,,,,,,,,,,,,,,,
陳腐,月並み,凡庸,平凡,凡下,凡俗,月次,平平凡凡たる,平俗,平々凡々たる,,,,,,,,,,,,,,,,,,,,,,,,,,,,,,,,,,
心よわい,,,,,,,,,,,,,,,,,,,,,,,,,,,,,,,,,,,,,,,,,,,
揺れ動く,ぐらつく,ぐらぐらする,,,,,,,,,,,,,,,,,,,,,,,,,,,,,,,,,,,,,,,,,
挑発,鼓吹,挑撥,,,,,,,,,,,,,,,,,,,,,,,,,,,,,,,,,,,,,,,,,
交合,エッチ,性交,,,,,,,,,,,,,,,,,,,,,,,,,,,,,,,,,,,,,,,,,
持ち出し,,,,,,,,,,,,,,,,,,,,,,,,,,,,,,,,,,,,,,,,,,,
贖う,報いる,支払う,応える,報う,埋合わせる,,,,,,,,,,,,,,,,,,,,,,,,,,,,,,,,,,,,,,
貧弱,プア,プアー,,,,,,,,,,,,,,,,,,,,,,,,,,,,,,,,,,,,,,,,,
捻挫,拗じる,,,,,,,,,,,,,,,,,,,,,,,,,,,,,,,,,,,,,,,,,,
果てしない,永遠,悠久,無限,永久,無窮,不易,恒久的,果てし無い,永続的,,,,,,,,,,,,,,,,,,,,,,,,,,,,,,,,,,
疫病,,,,,,,,,,,,,,,,,,,,,,,,,,,,,,,,,,,,,,,,,,,
徴兵,徴集,召集,徴募,募兵,,,,,,,,,,,,,,,,,,,,,,,,,,,,,,,,,,,,,,,
アヘン,阿片,鴉片,,,,,,,,,,,,,,,,,,,,,,,,,,,,,,,,,,,,,,,,,
否認,,,,,,,,,,,,,,,,,,,,,,,,,,,,,,,,,,,,,,,,,,,
自尽,,,,,,,,,,,,,,,,,,,,,,,,,,,,,,,,,,,,,,,,,,,
尋ねる,聞く,問いかける,訊ねる,問う,訊く,伺う,問い合わせる,聴く,問いあわせる,問あわせ,聞き合わせる,尋く,問掛ける,問い合せる,問合わせる,問合せる,問い掛ける,,,,,,,,,,,,,,,,,,,,,,,,,,
空虚,,,,,,,,,,,,,,,,,,,,,,,,,,,,,,,,,,,,,,,,,,,
採決,決議,議決,票決,表決,投票,,,,,,,,,,,,,,,,,,,,,,,,,,,,,,,,,,,,,,
不可避,,,,,,,,,,,,,,,,,,,,,,,,,,,,,,,,,,,,,,,,,,,
不用意,,,,,,,,,,,,,,,,,,,,,,,,,,,,,,,,,,,,,,,,,,,
ロビー,ラウンジ,控え室,ウェーティングルーム,,,,,,,,,,,,,,,,,,,,,,,,,,,,,,,,,,,,,,,,
検閲,チェック,点検,照査,検見,診断,比較,試算,下調,引照,下しらべ,,,,,,,,,,,,,,,,,,,,,,,,,,,,,,,,,
的外れ,頓珍漢,無関係,論外,とんちんかん,的はずれ,,,,,,,,,,,,,,,,,,,,,,,,,,,,,,,,,,,,,,
自爆,,,,,,,,,,,,,,,,,,,,,,,,,,,,,,,,,,,,,,,,,,,
賄賂,,,,,,,,,,,,,,,,,,,,,,,,,,,,,,,,,,,,,,,,,,,
銃弾,弾丸,散弾,砲弾,銃丸,弾子,霰弾,,,,,,,,,,,,,,,,,,,,,,,,,,,,,,,,,,,,,
侮る,見下す,蔑む,見くびる,見縊る,卑しむ,貶む,見くだす,賎しめる,賎しむ,蔑する,卑しめる,,,,,,,,,,,,,,,,,,,,,,,,,,,,,,,,
封鎖,,,,,,,,,,,,,,,,,,,,,,,,,,,,,,,,,,,,,,,,,,,
混迷,眩惑,,,,,,,,,,,,,,,,,,,,,,,,,,,,,,,,,,,,,,,,,,
憶病,,,,,,,,,,,,,,,,,,,,,,,,,,,,,,,,,,,,,,,,,,,
凍りつく,凍てつく,凍る,冱てる,凍え付く,凍みる,氷る,凍て付く,凍てる,,,,,,,,,,,,,,,,,,,,,,,,,,,,,,,,,,,
予断,推知,予測,推論,推察,推測,推理,推量,類推,推算,推定,推度,推断,,,,,,,,,,,,,,,,,,,,,,,,,,,,,,,
抜かす,書き残す,取り逃す,書きのこす,取り落す,取落とす,書きもらす,取落す,書き漏らす,取り落とす,為落とす,書き落とす,取逃す,言落す,書き落す,書落す,為落す,書き洩らす,取逃がす,書落とす,書残す,言い落す,,,,,,,,,,,,,,,,,,,,,,
脱税,,,,,,,,,,,,,,,,,,,,,,,,,,,,,,,,,,,,,,,,,,,
覆る,引っくり返る,引っ繰り返る,,,,,,,,,,,,,,,,,,,,,,,,,,,,,,,,,,,,,,,,,
マニア,ファン,凝り屋,マニヤ,,,,,,,,,,,,,,,,,,,,,,,,,,,,,,,,,,,,,,,,
不適合,,,,,,,,,,,,,,,,,,,,,,,,,,,,,,,,,,,,,,,,,,,
逸らす,逸する,,,,,,,,,,,,,,,,,,,,,,,,,,,,,,,,,,,,,,,,,,
気管支炎,きかんしえん,,,,,,,,,,,,,,,,,,,,,,,,,,,,,,,,,,,,,,,,,,
酔っ払い,,,,,,,,,,,,,,,,,,,,,,,,,,,,,,,,,,,,,,,,,,,
くずれおちる,,,,,,,,,,,,,,,,,,,,,,,,,,,,,,,,,,,,,,,,,,,
保釈,,,,,,,,,,,,,,,,,,,,,,,,,,,,,,,,,,,,,,,,,,,
幽霊,亡霊,ゴースト,,,,,,,,,,,,,,,,,,,,,,,,,,,,,,,,,,,,,,,,,
薄っぺら,,,,,,,,,,,,,,,,,,,,,,,,,,,,,,,,,,,,,,,,,,,
唐突,意外,俄,,,,,,,,,,,,,,,,,,,,,,,,,,,,,,,,,,,,,,,,,
重苦しい,おもくるしー,,,,,,,,,,,,,,,,,,,,,,,,,,,,,,,,,,,,,,,,,,
つけ込む,つけ入る,,,,,,,,,,,,,,,,,,,,,,,,,,,,,,,,,,,,,,,,,,
迂闊,不心得,軽はずみ,不謹慎,過怠,不用心,無用心,,,,,,,,,,,,,,,,,,,,,,,,,,,,,,,,,,,,,
不健康,,,,,,,,,,,,,,,,,,,,,,,,,,,,,,,,,,,,,,,,,,,
弄ぶ,もてあそぶ,,,,,,,,,,,,,,,,,,,,,,,,,,,,,,,,,,,,,,,,,,
仮象,風貌,容姿,うわべ,風姿,外形,外観,外面,ルックス,見栄,表面,体裁,見栄え,表構え,形貌,風袋,姿容,見映え,形姿,形振り,相好,,,,,,,,,,,,,,,,,,,,,,,
物言い,論戦,舌戦,論議,議論,争議,アーギュメント,,,,,,,,,,,,,,,,,,,,,,,,,,,,,,,,,,,,,
悲痛,,,,,,,,,,,,,,,,,,,,,,,,,,,,,,,,,,,,,,,,,,,
紙切れ,紙片,用紙,紙きれ,,,,,,,,,,,,,,,,,,,,,,,,,,,,,,,,,,,,,,,,
投獄,禁錮,,,,,,,,,,,,,,,,,,,,,,,,,,,,,,,,,,,,,,,,,,
娼婦,プロスティチュート,,,,,,,,,,,,,,,,,,,,,,,,,,,,,,,,,,,,,,,,,,
優柔不断,生煮,,,,,,,,,,,,,,,,,,,,,,,,,,,,,,,,,,,,,,,,,,
クラック,,,,,,,,,,,,,,,,,,,,,,,,,,,,,,,,,,,,,,,,,,,
見下げる,,,,,,,,,,,,,,,,,,,,,,,,,,,,,,,,,,,,,,,,,,,
誇大,,,,,,,,,,,,,,,,,,,,,,,,,,,,,,,,,,,,,,,,,,,
惰性,慣性,,,,,,,,,,,,,,,,,,,,,,,,,,,,,,,,,,,,,,,,,,
性病,,,,,,,,,,,,,,,,,,,,,,,,,,,,,,,,,,,,,,,,,,,
決め込む,推す,看做す,見なす,推し量る,思い做す,極め込む,推する,推しはかる,思いなす,思い為す,思い当てる,測知る,思做す,想察,測り知る,推し測る,見做す,推し計る,臆度,はかり知る,決込む,,,,,,,,,,,,,,,,,,,,,,
よそ者,余所者,アウトサイダー,異分子,他所者,,,,,,,,,,,,,,,,,,,,,,,,,,,,,,,,,,,,,,,
決闘,,,,,,,,,,,,,,,,,,,,,,,,,,,,,,,,,,,,,,,,,,,
音信,消息,知らせ,便り,報道,ニュース,ニューズ,情報,新報,声息,,,,,,,,,,,,,,,,,,,,,,,,,,,,,,,,,,
猛威,狂暴さ,荒々しいこと,激烈さ,,,,,,,,,,,,,,,,,,,,,,,,,,,,,,,,,,,,,,,,
差し迫る,さしせまる,,,,,,,,,,,,,,,,,,,,,,,,,,,,,,,,,,,,,,,,,,
優れる,凌ぐ,上回る,勝る,秀でる,優る,挺出,抜き出る,上まわる,抽んでる,抜きんでる,駕する,立ち勝る,勝れる,人並みすぐれる,擢んでる,傑れる,人並み優れる,ぬけ出る,,,,,,,,,,,,,,,,,,,,,,,,,
遺棄,,,,,,,,,,,,,,,,,,,,,,,,,,,,,,,,,,,,,,,,,,,
恐ろしく,おそろしく,,,,,,,,,,,,,,,,,,,,,,,,,,,,,,,,,,,,,,,,,,
侵食,浸食,浸蝕,海蝕,侵蝕,海食,水食,水蝕,,,,,,,,,,,,,,,,,,,,,,,,,,,,,,,,,,,,
偏頭痛,,,,,,,,,,,,,,,,,,,,,,,,,,,,,,,,,,,,,,,,,,,
緩慢,,,,,,,,,,,,,,,,,,,,,,,,,,,,,,,,,,,,,,,,,,,
怪訝,,,,,,,,,,,,,,,,,,,,,,,,,,,,,,,,,,,,,,,,,,,
恐喝,きょーかつ,,,,,,,,,,,,,,,,,,,,,,,,,,,,,,,,,,,,,,,,,,
ほのめかす,仄めかす,匂わす,,,,,,,,,,,,,,,,,,,,,,,,,,,,,,,,,,,,,,,,,
轢く,,,,,,,,,,,,,,,,,,,,,,,,,,,,,,,,,,,,,,,,,,,
浅はか,軽躁,滅多,,,,,,,,,,,,,,,,,,,,,,,,,,,,,,,,,,,,,,,,,
八百長,,,,,,,,,,,,,,,,,,,,,,,,,,,,,,,,,,,,,,,,,,,
シンナー,しんなー,,,,,,,,,,,,,,,,,,,,,,,,,,,,,,,,,,,,,,,,,,
虚ろ,うつろ,上の空,空っぽ,茫然たる,呆然たる,,,,,,,,,,,,,,,,,,,,,,,,,,,,,,,,,,,,,,
塗り薬,軟膏,膏薬,単軟膏,付け薬,,,,,,,,,,,,,,,,,,,,,,,,,,,,,,,,,,,,,,,
扇動,,,,,,,,,,,,,,,,,,,,,,,,,,,,,,,,,,,,,,,,,,,
言い寄る,妻問う,言いよる,言寄る,,,,,,,,,,,,,,,,,,,,,,,,,,,,,,,,,,,,,,,,
強烈に,,,,,,,,,,,,,,,,,,,,,,,,,,,,,,,,,,,,,,,,,,,
精神分裂病,せーしんぶんれつびょー,,,,,,,,,,,,,,,,,,,,,,,,,,,,,,,,,,,,,,,,,,
不成立,破裂,,,,,,,,,,,,,,,,,,,,,,,,,,,,,,,,,,,,,,,,,,
無我夢中,没頭,熱中,,,,,,,,,,,,,,,,,,,,,,,,,,,,,,,,,,,,,,,,,
手榴弾,てりゅーだん,,,,,,,,,,,,,,,,,,,,,,,,,,,,,,,,,,,,,,,,,,
性急,早急,短兵急,,,,,,,,,,,,,,,,,,,,,,,,,,,,,,,,,,,,,,,,,
ヒステリック,ヒステリカル,,,,,,,,,,,,,,,,,,,,,,,,,,,,,,,,,,,,,,,,,,
覚醒剤,かくせーざい,,,,,,,,,,,,,,,,,,,,,,,,,,,,,,,,,,,,,,,,,,
絶食,断食,,,,,,,,,,,,,,,,,,,,,,,,,,,,,,,,,,,,,,,,,,
没落,零落,,,,,,,,,,,,,,,,,,,,,,,,,,,,,,,,,,,,,,,,,,
難儀,面倒,課題,,,,,,,,,,,,,,,,,,,,,,,,,,,,,,,,,,,,,,,,,
団交,だんこー,,,,,,,,,,,,,,,,,,,,,,,,,,,,,,,,,,,,,,,,,,
強欲,貪欲,欲張り,貪慾,貪婪,欲ばり,強慾,欲深,欲心,,,,,,,,,,,,,,,,,,,,,,,,,,,,,,,,,,,
令状,,,,,,,,,,,,,,,,,,,,,,,,,,,,,,,,,,,,,,,,,,,
極寒,肌寒,朝寒,,,,,,,,,,,,,,,,,,,,,,,,,,,,,,,,,,,,,,,,,
陥没,,,,,,,,,,,,,,,,,,,,,,,,,,,,,,,,,,,,,,,,,,,
苛辣,,,,,,,,,,,,,,,,,,,,,,,,,,,,,,,,,,,,,,,,,,,
粗野,野卑,下品,低俗,淫ら,低級,野鄙,卑しげ,卑げ,俗っぽい,賎しげ,厭らしい,俚俗,端たない,賎げ,悪趣味,鄙陋,卑陋,,,,,,,,,,,,,,,,,,,,,,,,,,
忍び寄る,,,,,,,,,,,,,,,,,,,,,,,,,,,,,,,,,,,,,,,,,,,
売国奴,ばいこくやつ,,,,,,,,,,,,,,,,,,,,,,,,,,,,,,,,,,,,,,,,,,
冒涜,,,,,,,,,,,,,,,,,,,,,,,,,,,,,,,,,,,,,,,,,,,
つるむ,遊牝む,番う,交尾む,孳尾む,,,,,,,,,,,,,,,,,,,,,,,,,,,,,,,,,,,,,,,
路頭,道端,路傍,道ばた,路肩,辻,路辺,道の辺,道傍,道辺,,,,,,,,,,,,,,,,,,,,,,,,,,,,,,,,,,
紛らわす,もてなす,振る舞う,振舞う,遇する,楽します,饗する,紛らす,振るまう,構い付ける,構付ける,,,,,,,,,,,,,,,,,,,,,,,,,,,,,,,,,
生半可,,,,,,,,,,,,,,,,,,,,,,,,,,,,,,,,,,,,,,,,,,,
連敗,,,,,,,,,,,,,,,,,,,,,,,,,,,,,,,,,,,,,,,,,,,
筋合い,,,,,,,,,,,,,,,,,,,,,,,,,,,,,,,,,,,,,,,,,,,
異教徒,いきょーと,,,,,,,,,,,,,,,,,,,,,,,,,,,,,,,,,,,,,,,,,,
親戚,親類,親族,一族,一門,,,,,,,,,,,,,,,,,,,,,,,,,,,,,,,,,,,,,,,
口うるさい,くちうるさい,,,,,,,,,,,,,,,,,,,,,,,,,,,,,,,,,,,,,,,,,,
骨抜き,,,,,,,,,,,,,,,,,,,,,,,,,,,,,,,,,,,,,,,,,,,
ふらつく,揺れる,たゆたう,揺る,ゆらゆらする,揺振れる,蹌踉めく,揺るぐ,揺ぐ,揺さぶれる,揺蕩う,ふらふらする,揺さ振れる,揺めく,,,,,,,,,,,,,,,,,,,,,,,,,,,,,,
打つ手,,,,,,,,,,,,,,,,,,,,,,,,,,,,,,,,,,,,,,,,,,,
蹴飛ばす,,,,,,,,,,,,,,,,,,,,,,,,,,,,,,,,,,,,,,,,,,,
血塗れ,,,,,,,,,,,,,,,,,,,,,,,,,,,,,,,,,,,,,,,,,,,
物議,,,,,,,,,,,,,,,,,,,,,,,,,,,,,,,,,,,,,,,,,,,
肺気腫,はいきしゅ,,,,,,,,,,,,,,,,,,,,,,,,,,,,,,,,,,,,,,,,,,
税金,租税,血税,タックス,,,,,,,,,,,,,,,,,,,,,,,,,,,,,,,,,,,,,,,,
粗暴,凶暴,手荒,荒らか,大荒れ,兇暴,暴力的,暴悪,,,,,,,,,,,,,,,,,,,,,,,,,,,,,,,,,,,,
離れ離れ,切れ切れ,跡切れ跡切れ,切れぎれ,,,,,,,,,,,,,,,,,,,,,,,,,,,,,,,,,,,,,,,,
腹膜炎,ふくまくえん,,,,,,,,,,,,,,,,,,,,,,,,,,,,,,,,,,,,,,,,,,
血の気,気迫,馬力,,,,,,,,,,,,,,,,,,,,,,,,,,,,,,,,,,,,,,,,,
偽者,嘘つき,与太郎,贋者,嘘吐き,,,,,,,,,,,,,,,,,,,,,,,,,,,,,,,,,,,,,,,
宦官,去勢,,,,,,,,,,,,,,,,,,,,,,,,,,,,,,,,,,,,,,,,,,
離縁,破婚,,,,,,,,,,,,,,,,,,,,,,,,,,,,,,,,,,,,,,,,,,
物陰,日陰,シェード,小陰,陰翳,陰影,日蔭,シャドー,翳り,陰り,シャドウ,片陰,小蔭,冥闇,本影,,,,,,,,,,,,,,,,,,,,,,,,,,,,,
ボイコット,ぼいこっと,,,,,,,,,,,,,,,,,,,,,,,,,,,,,,,,,,,,,,,,,,
正気,,,,,,,,,,,,,,,,,,,,,,,,,,,,,,,,,,,,,,,,,,,
尊属,,,,,,,,,,,,,,,,,,,,,,,,,,,,,,,,,,,,,,,,,,,
盗作,剽窃,盗用,剽竊,,,,,,,,,,,,,,,,,,,,,,,,,,,,,,,,,,,,,,,,
洗い落とす,,,,,,,,,,,,,,,,,,,,,,,,,,,,,,,,,,,,,,,,,,,
にらみ合う,にらみあう,,,,,,,,,,,,,,,,,,,,,,,,,,,,,,,,,,,,,,,,,,
ごり押し,,,,,,,,,,,,,,,,,,,,,,,,,,,,,,,,,,,,,,,,,,,
蓄膿症,ちくのーしょー,,,,,,,,,,,,,,,,,,,,,,,,,,,,,,,,,,,,,,,,,,
戒告,訓戒,忠告,戒飭,訓誡,,,,,,,,,,,,,,,,,,,,,,,,,,,,,,,,,,,,,,,
断固たる,確固たる,強固,牢乎たる,牢固たる,毅然たる,確乎たる,,,,,,,,,,,,,,,,,,,,,,,,,,,,,,,,,,,,,
疥癬,,,,,,,,,,,,,,,,,,,,,,,,,,,,,,,,,,,,,,,,,,,
投石,,,,,,,,,,,,,,,,,,,,,,,,,,,,,,,,,,,,,,,,,,,
ケロイド,けろいど,,,,,,,,,,,,,,,,,,,,,,,,,,,,,,,,,,,,,,,,,,
むずむず,,,,,,,,,,,,,,,,,,,,,,,,,,,,,,,,,,,,,,,,,,,
兵卒,,,,,,,,,,,,,,,,,,,,,,,,,,,,,,,,,,,,,,,,,,,
焼き討ち,焼き打ち,焼討,全焼,焼打,焼討ち,,,,,,,,,,,,,,,,,,,,,,,,,,,,,,,,,,,,,,
地べた,地面,グラウンド,大地,土壌,土地,陸地,グランド,地所,アース,地びた,,,,,,,,,,,,,,,,,,,,,,,,,,,,,,,,,
鼻息,一念,鋭気,,,,,,,,,,,,,,,,,,,,,,,,,,,,,,,,,,,,,,,,,
謀る,企む,企てる,考える,目論む,企らむ,按ずる,巧む,仕組む,策する,,,,,,,,,,,,,,,,,,,,,,,,,,,,,,,,,,
大逆,,,,,,,,,,,,,,,,,,,,,,,,,,,,,,,,,,,,,,,,,,,
産褥,,,,,,,,,,,,,,,,,,,,,,,,,,,,,,,,,,,,,,,,,,,
改易,改築,改正,変造,変更,改定,チェンジ,改変,手直し,修整,改造,修正,変化,刷新,変革,スイッチ,変換,奪胎,脱胎,,,,,,,,,,,,,,,,,,,,,,,,,
延髄,球茎,,,,,,,,,,,,,,,,,,,,,,,,,,,,,,,,,,,,,,,,,,
町外れ,郊外,近郊,市外,,,,,,,,,,,,,,,,,,,,,,,,,,,,,,,,,,,,,,,,
服役,兵役,軍務,軍役,,,,,,,,,,,,,,,,,,,,,,,,,,,,,,,,,,,,,,,,
倒錯,変態,悪用,,,,,,,,,,,,,,,,,,,,,,,,,,,,,,,,,,,,,,,,,
死の灰,,,,,,,,,,,,,,,,,,,,,,,,,,,,,,,,,,,,,,,,,,,
えげつない,,,,,,,,,,,,,,,,,,,,,,,,,,,,,,,,,,,,,,,,,,,
自慰,千摺り,,,,,,,,,,,,,,,,,,,,,,,,,,,,,,,,,,,,,,,,,,
同義語,どーぎご,,,,,,,,,,,,,,,,,,,,,,,,,,,,,,,,,,,,,,,,,,
ぼさぼさ,,,,,,,,,,,,,,,,,,,,,,,,,,,,,,,,,,,,,,,,,,,
念慮,思料,慮り,思索,考慮,思慮,思考,思念,思惟,思案,了見,料簡,思量,知的活動,了簡,,,,,,,,,,,,,,,,,,,,,,,,,,,,,
スラング,俗語,,,,,,,,,,,,,,,,,,,,,,,,,,,,,,,,,,,,,,,,,,
潜伏期,せんぷくき,,,,,,,,,,,,,,,,,,,,,,,,,,,,,,,,,,,,,,,,,,
一睡,居眠り,うたた寝,仮眠,居睡り,,,,,,,,,,,,,,,,,,,,,,,,,,,,,,,,,,,,,,,
上司,上長,上役,ボス,,,,,,,,,,,,,,,,,,,,,,,,,,,,,,,,,,,,,,,,
脱獄,,,,,,,,,,,,,,,,,,,,,,,,,,,,,,,,,,,,,,,,,,,
枷,箍,糸,緒,,,,,,,,,,,,,,,,,,,,,,,,,,,,,,,,,,,,,,,,
完治,根治,治癒,快癒,平癒,全快,全治,本復,全癒,快気,,,,,,,,,,,,,,,,,,,,,,,,,,,,,,,,,,
堪忍ぶ,,,,,,,,,,,,,,,,,,,,,,,,,,,,,,,,,,,,,,,,,,,
恥知らず,はじしらず,,,,,,,,,,,,,,,,,,,,,,,,,,,,,,,,,,,,,,,,,,
あんぽんたん,愚癡,薄馬鹿,愚かしげ,頓馬,薄のろ,おたんこなす,薄鈍,迂拙,おたんちん,浅墓,,,,,,,,,,,,,,,,,,,,,,,,,,,,,,,,,
辛酸,困難,辛さ,,,,,,,,,,,,,,,,,,,,,,,,,,,,,,,,,,,,,,,,,
煩わせる,わずらわせる,,,,,,,,,,,,,,,,,,,,,,,,,,,,,,,,,,,,,,,,,,
横える,,,,,,,,,,,,,,,,,,,,,,,,,,,,,,,,,,,,,,,,,,,
素っ裸,全裸,ヌード,丸裸,すっ裸,赤裸,まっ裸,真っ裸,真はだか,素ぽんぽん,素裸,真裸,素はだか,まる裸,剥出し,,,,,,,,,,,,,,,,,,,,,,,,,,,,,
一時しのぎ,いちじしのぎ,,,,,,,,,,,,,,,,,,,,,,,,,,,,,,,,,,,,,,,,,,
女々しい,めめしー,,,,,,,,,,,,,,,,,,,,,,,,,,,,,,,,,,,,,,,,,,
選管,せんかん,,,,,,,,,,,,,,,,,,,,,,,,,,,,,,,,,,,,,,,,,,
ジェノサイド,じぇのさいど,,,,,,,,,,,,,,,,,,,,,,,,,,,,,,,,,,,,,,,,,,
密猟,,,,,,,,,,,,,,,,,,,,,,,,,,,,,,,,,,,,,,,,,,,
他言,吐露,表出,演述,発語,,,,,,,,,,,,,,,,,,,,,,,,,,,,,,,,,,,,,,,
奴婢,奴僕,家僕,下男,家来,召使,下僕,召使い,従僕,小者,下郎,男衆,折助,サーバント,召し使い,家礼,所従,蒼頭,お側,お傍,,,,,,,,,,,,,,,,,,,,,,,,
頑迷,偏屈,頑強,こちこち,強情張,因業,強情っ張り,頑冥,強情張り,強情っぱり,偏固,義強,,,,,,,,,,,,,,,,,,,,,,,,,,,,,,,,
逆らう,,,,,,,,,,,,,,,,,,,,,,,,,,,,,,,,,,,,,,,,,,,
虫けら,,,,,,,,,,,,,,,,,,,,,,,,,,,,,,,,,,,,,,,,,,,
暴漢,ならず者,やくざ,フーリガン,凶徒,凶賊,荒くれ者,徒者,兇賊,暴れん坊,あばれ者,乱波,暴れ者,兇漢,徒ら者,凶漢,乱破,あばれん坊,,,,,,,,,,,,,,,,,,,,,,,,,,
労役,労働,,,,,,,,,,,,,,,,,,,,,,,,,,,,,,,,,,,,,,,,,,
積年,長年,多年,永年,千載,千秋,百代,千歳,長日月,長い間,,,,,,,,,,,,,,,,,,,,,,,,,,,,,,,,,,
彷徨,徘徊,,,,,,,,,,,,,,,,,,,,,,,,,,,,,,,,,,,,,,,,,,
軽薄,尻軽,軽率,無分別,しり軽,むやみやたら,浅膚,不見識,膚浅,率爾,無思慮,卒爾,浅略,,,,,,,,,,,,,,,,,,,,,,,,,,,,,,,
散り散り,ちりぢり,,,,,,,,,,,,,,,,,,,,,,,,,,,,,,,,,,,,,,,,,,
狼藉,無秩序,猥雑,乱脈,困惑,狼狽,当惑,混同,,,,,,,,,,,,,,,,,,,,,,,,,,,,,,,,,,,,
辛苦,労苦,労作,力作,辛労,,,,,,,,,,,,,,,,,,,,,,,,,,,,,,,,,,,,,,,
国賊,漢奸,,,,,,,,,,,,,,,,,,,,,,,,,,,,,,,,,,,,,,,,,,
強圧,,,,,,,,,,,,,,,,,,,,,,,,,,,,,,,,,,,,,,,,,,,
チフス,ちふす,,,,,,,,,,,,,,,,,,,,,,,,,,,,,,,,,,,,,,,,,,
刺殺,しさつ,,,,,,,,,,,,,,,,,,,,,,,,,,,,,,,,,,,,,,,,,,
金欠,貧苦,貧しさ,,,,,,,,,,,,,,,,,,,,,,,,,,,,,,,,,,,,,,,,,
二枚舌,,,,,,,,,,,,,,,,,,,,,,,,,,,,,,,,,,,,,,,,,,,
支障,ご苦労,御苦労,煩雑,めんどう,繁雑,手数,障害,障碍,障礙,ご雑作,煩労,煩しさ,ご造作,御迷惑,困り者,御面倒,お手数,ご面倒,ご迷惑,,,,,,,,,,,,,,,,,,,,,,,,
無業者,むぎょーしゃ,,,,,,,,,,,,,,,,,,,,,,,,,,,,,,,,,,,,,,,,,,
焼け落ちる,,,,,,,,,,,,,,,,,,,,,,,,,,,,,,,,,,,,,,,,,,,
他律,,,,,,,,,,,,,,,,,,,,,,,,,,,,,,,,,,,,,,,,,,,
無法者,むほーしゃ,,,,,,,,,,,,,,,,,,,,,,,,,,,,,,,,,,,,,,,,,,
掻爬,,,,,,,,,,,,,,,,,,,,,,,,,,,,,,,,,,,,,,,,,,,
迷妄,妄想,迷夢,,,,,,,,,,,,,,,,,,,,,,,,,,,,,,,,,,,,,,,,,
うわ言,寝言,戯言,無意義,没意義,荒誕,囈語,べらぼう,譫言,べら棒,箆棒,妄誕,駄弁,痴れ言,ノンセンス,無稽,ちんぷんかん,,,,,,,,,,,,,,,,,,,,,,,,,,,
諦観,諦念,断念,,,,,,,,,,,,,,,,,,,,,,,,,,,,,,,,,,,,,,,,,
仇敵,敵手,対敵,エネミー,,,,,,,,,,,,,,,,,,,,,,,,,,,,,,,,,,,,,,,,
スタンガン,すたんがん,,,,,,,,,,,,,,,,,,,,,,,,,,,,,,,,,,,,,,,,,,
肋骨,あばら骨,ろっ骨,,,,,,,,,,,,,,,,,,,,,,,,,,,,,,,,,,,,,,,,,
煮えたぎる,沸かす,沸く,滾る,煮滾る,煮え立つ,煮立つ,煮たつ,煮えたつ,煮える,煮たてる,煮え返る,煮え滾る,煮立てる,煮えかえる,,,,,,,,,,,,,,,,,,,,,,,,,,,,,
ろくでなし,,,,,,,,,,,,,,,,,,,,,,,,,,,,,,,,,,,,,,,,,,,
私生児,しせーじ,,,,,,,,,,,,,,,,,,,,,,,,,,,,,,,,,,,,,,,,,,
引き回し,導き,引廻し,お引回し,引き廻し,お引き回し,,,,,,,,,,,,,,,,,,,,,,,,,,,,,,,,,,,,,,
誤爆,,,,,,,,,,,,,,,,,,,,,,,,,,,,,,,,,,,,,,,,,,,
予審,下検分,,,,,,,,,,,,,,,,,,,,,,,,,,,,,,,,,,,,,,,,,,
早漏,,,,,,,,,,,,,,,,,,,,,,,,,,,,,,,,,,,,,,,,,,,
拙劣,下手糞,,,,,,,,,,,,,,,,,,,,,,,,,,,,,,,,,,,,,,,,,,
守銭奴,しゅせんやつ,,,,,,,,,,,,,,,,,,,,,,,,,,,,,,,,,,,,,,,,,,
逆賊,逆臣,叛臣,反臣,賊臣,逆徒,反賊,叛賊,賊子,乱賊,,,,,,,,,,,,,,,,,,,,,,,,,,,,,,,,,,
すすり泣く,泣きじゃくる,むせび泣く,噎ぶ,咽ぶ,噎せ返る,しのび泣く,包み泣,啜りなき,忍泣く,しゃくる,啜り泣く,しくしく泣く,咽び泣く,噎び泣く,啜泣き,忍び泣く,包泣き,啜泣く,,,,,,,,,,,,,,,,,,,,,,,,,
焼け死ぬ,やけしぬ,,,,,,,,,,,,,,,,,,,,,,,,,,,,,,,,,,,,,,,,,,
ロックアウト,ろっくあうと,,,,,,,,,,,,,,,,,,,,,,,,,,,,,,,,,,,,,,,,,,
不所存,,,,,,,,,,,,,,,,,,,,,,,,,,,,,,,,,,,,,,,,,,,
陥穽,,,,,,,,,,,,,,,,,,,,,,,,,,,,,,,,,,,,,,,,,,,
シャブ,しゃぶ,,,,,,,,,,,,,,,,,,,,,,,,,,,,,,,,,,,,,,,,,,
喉頭蓋,のどずがい,,,,,,,,,,,,,,,,,,,,,,,,,,,,,,,,,,,,,,,,,,
脳震盪,のーしんとー,,,,,,,,,,,,,,,,,,,,,,,,,,,,,,,,,,,,,,,,,,
雇い人,従者,雇人,,,,,,,,,,,,,,,,,,,,,,,,,,,,,,,,,,,,,,,,,
喀血,,,,,,,,,,,,,,,,,,,,,,,,,,,,,,,,,,,,,,,,,,,
出刃包丁,でばほーちょー,,,,,,,,,,,,,,,,,,,,,,,,,,,,,,,,,,,,,,,,,,
スタグフレーション,すたぐふれーしょん,,,,,,,,,,,,,,,,,,,,,,,,,,,,,,,,,,,,,,,,,,
番兵,歩哨,守衛,衛兵,番人,立番,張番,巡邏,衛士,見張,張り番,番卒,立ち番,,,,,,,,,,,,,,,,,,,,,,,,,,,,,,,
出鼻,滑り出し,初っ切り,開幕,劈頭,出だし,キックオフ,スタート,当初,初め,始め,発足,幕開け,最初,開闢,開びゃく,出はな,初っ端,初口,出っ鼻,出っ端,口切り,出出し,幕開き,,,,,,,,,,,,,,,,,,,,
金輪際,,,,,,,,,,,,,,,,,,,,,,,,,,,,,,,,,,,,,,,,,,,
獰猛,どう猛,兇猛,凶猛,強暴,濘猛,,,,,,,,,,,,,,,,,,,,,,,,,,,,,,,,,,,,,,
一顧,一考,,,,,,,,,,,,,,,,,,,,,,,,,,,,,,,,,,,,,,,,,,
無軌道,,,,,,,,,,,,,,,,,,,,,,,,,,,,,,,,,,,,,,,,,,,
うどん粉,うどんこな,,,,,,,,,,,,,,,,,,,,,,,,,,,,,,,,,,,,,,,,,,
瀉血,,,,,,,,,,,,,,,,,,,,,,,,,,,,,,,,,,,,,,,,,,,
焼き捨てる,やきすてる,,,,,,,,,,,,,,,,,,,,,,,,,,,,,,,,,,,,,,,,,,
監房,,,,,,,,,,,,,,,,,,,,,,,,,,,,,,,,,,,,,,,,,,,
妾,側室,手付,囲い,手つき,手付き,側妻,手懸,手掛,めかけ,権妻,側女,囲者,囲い者,思い者,御手掛,色女,,,,,,,,,,,,,,,,,,,,,,,,,,,
訓告,警醒,,,,,,,,,,,,,,,,,,,,,,,,,,,,,,,,,,,,,,,,,,
不作法,無作法,非礼,不行儀,,,,,,,,,,,,,,,,,,,,,,,,,,,,,,,,,,,,,,,,
不信心,,,,,,,,,,,,,,,,,,,,,,,,,,,,,,,,,,,,,,,,,,,
食い逃げ,,,,,,,,,,,,,,,,,,,,,,,,,,,,,,,,,,,,,,,,,,,
紅潮,,,,,,,,,,,,,,,,,,,,,,,,,,,,,,,,,,,,,,,,,,,
吐瀉,吐出,,,,,,,,,,,,,,,,,,,,,,,,,,,,,,,,,,,,,,,,,,
ゲシュタポ,,,,,,,,,,,,,,,,,,,,,,,,,,,,,,,,,,,,,,,,,,,
ジステンパー,じすてんぱー,,,,,,,,,,,,,,,,,,,,,,,,,,,,,,,,,,,,,,,,,,
困苦,悲境,痛事,憂目,,,,,,,,,,,,,,,,,,,,,,,,,,,,,,,,,,,,,,,,
マゾヒズム,,,,,,,,,,,,,,,,,,,,,,,,,,,,,,,,,,,,,,,,,,,
忍従,恭順,投稿,,,,,,,,,,,,,,,,,,,,,,,,,,,,,,,,,,,,,,,,,
壊血病,かいけつびょー,,,,,,,,,,,,,,,,,,,,,,,,,,,,,,,,,,,,,,,,,,
喉笛,,,,,,,,,,,,,,,,,,,,,,,,,,,,,,,,,,,,,,,,,,,
左傾,,,,,,,,,,,,,,,,,,,,,,,,,,,,,,,,,,,,,,,,,,,
手心,斟酌,顧慮,思いやり,省察,考察,有償,思い遣り,振合い,しん酌,商量,振り合い,,,,,,,,,,,,,,,,,,,,,,,,,,,,,,,,
匕首,短刀,短剣,ナイフ,小刀,合口,合い口,,,,,,,,,,,,,,,,,,,,,,,,,,,,,,,,,,,,,
走狗,猟犬,狩り犬,,,,,,,,,,,,,,,,,,,,,,,,,,,,,,,,,,,,,,,,,
原級,,,,,,,,,,,,,,,,,,,,,,,,,,,,,,,,,,,,,,,,,,,
多血,,,,,,,,,,,,,,,,,,,,,,,,,,,,,,,,,,,,,,,,,,,
蟻酸,,,,,,,,,,,,,,,,,,,,,,,,,,,,,,,,,,,,,,,,,,,
発疹チフス,はっしんちふす,,,,,,,,,,,,,,,,,,,,,,,,,,,,,,,,,,,,,,,,,,
首魁,始祖,開祖,元祖,草分け,パイオニア,草わけ,,,,,,,,,,,,,,,,,,,,,,,,,,,,,,,,,,,,,
危殆,リスク,冒険,おっかなさ,危うさ,危なさ,,,,,,,,,,,,,,,,,,,,,,,,,,,,,,,,,,,,,,
虫下し,,,,,,,,,,,,,,,,,,,,,,,,,,,,,,,,,,,,,,,,,,,
干犯,違令,,,,,,,,,,,,,,,,,,,,,,,,,,,,,,,,,,,,,,,,,,
けんもほろろ,,,,,,,,,,,,,,,,,,,,,,,,,,,,,,,,,,,,,,,,,,,
羽交い締め,フルネルソン,,,,,,,,,,,,,,,,,,,,,,,,,,,,,,,,,,,,,,,,,,
苦杯,試練,惨苦,試煉,試錬,,,,,,,,,,,,,,,,,,,,,,,,,,,,,,,,,,,,,,,
質草,,,,,,,,,,,,,,,,,,,,,,,,,,,,,,,,,,,,,,,,,,,
不仁,,,,,,,,,,,,,,,,,,,,,,,,,,,,,,,,,,,,,,,,,,,
獣性,,,,,,,,,,,,,,,,,,,,,,,,,,,,,,,,,,,,,,,,,,,
盲腸炎,もーちょーえん,,,,,,,,,,,,,,,,,,,,,,,,,,,,,,,,,,,,,,,,,,
斃死,落命,崩御,急死,往生,入定,遷化,物故,寂滅,示寂,長逝,上天,天上,成仏,入寂,神さる,永逝,遠逝,帰寂,易簀,登仙,絶息,死歿,,,,,,,,,,,,,,,,,,,,,
嗜眠,,,,,,,,,,,,,,,,,,,,,,,,,,,,,,,,,,,,,,,,,,,
生皮,,,,,,,,,,,,,,,,,,,,,,,,,,,,,,,,,,,,,,,,,,,
不首尾,不出来,不結果,不成功,,,,,,,,,,,,,,,,,,,,,,,,,,,,,,,,,,,,,,,,
人非人,畜生,鬼畜,,,,,,,,,,,,,,,,,,,,,,,,,,,,,,,,,,,,,,,,,
病舎,病棟,,,,,,,,,,,,,,,,,,,,,,,,,,,,,,,,,,,,,,,,,,
ボートピープル,ぼーとぴーぷる,,,,,,,,,,,,,,,,,,,,,,,,,,,,,,,,,,,,,,,,,,
売女,尼,すべた,阿婆擦れ,,,,,,,,,,,,,,,,,,,,,,,,,,,,,,,,,,,,,,,,
失陥,降下,低落,落下,減少,低減,顛落,,,,,,,,,,,,,,,,,,,,,,,,,,,,,,,,,,,,,
首枷,制止,制限,掣肘,抑制,抑止,牽制,制約,制御,羈束,梏桎,手械,手桎,繋縛,制禦,制馭,頸木,,,,,,,,,,,,,,,,,,,,,,,,,,,
靴墨,クリーム,,,,,,,,,,,,,,,,,,,,,,,,,,,,,,,,,,,,,,,,,,
誓言,誓約,宣誓,,,,,,,,,,,,,,,,,,,,,,,,,,,,,,,,,,,,,,,,,
ダブルボギー,だぶるぼぎー,,,,,,,,,,,,,,,,,,,,,,,,,,,,,,,,,,,,,,,,,,
仮初,苟且,,,,,,,,,,,,,,,,,,,,,,,,,,,,,,,,,,,,,,,,,,
贋造,偽造,,,,,,,,,,,,,,,,,,,,,,,,,,,,,,,,,,,,,,,,,,
薬殺,毒害,,,,,,,,,,,,,,,,,,,,,,,,,,,,,,,,,,,,,,,,,,
ため息,溜息,吐息,嘆息,嘆声,歎息,溜め息,歎声,大息,,,,,,,,,,,,,,,,,,,,,,,,,,,,,,,,,,,
警手,,,,,,,,,,,,,,,,,,,,,,,,,,,,,,,,,,,,,,,,,,,
嫉視,羨望,羨慕,,,,,,,,,,,,,,,,,,,,,,,,,,,,,,,,,,,,,,,,,
ビーンボール,びーんぼーる,,,,,,,,,,,,,,,,,,,,,,,,,,,,,,,,,,,,,,,,,,
牢死,獄死,,,,,,,,,,,,,,,,,,,,,,,,,,,,,,,,,,,,,,,,,,
私曲,,,,,,,,,,,,,,,,,,,,,,,,,,,,,,,,,,,,,,,,,,,
鶏姦,,,,,,,,,,,,,,,,,,,,,,,,,,,,,,,,,,,,,,,,,,,
不味い,,,,,,,,,,,,,,,,,,,,,,,,,,,,,,,,,,,,,,,,,,,
歩き回る,うろつく,さ迷う,彷徨う,,,,,,,,,,,,,,,,,,,,,,,,,,,,,,,,,,,,,,,,
齧る,食い齧る,食齧る,噛る,食いかじる,喰齧る,,,,,,,,,,,,,,,,,,,,,,,,,,,,,,,,,,,,,,
といただす,,,,,,,,,,,,,,,,,,,,,,,,,,,,,,,,,,,,,,,,,,,
言い放つ,言い切る,言放つ,宣する,言いきる,,,,,,,,,,,,,,,,,,,,,,,,,,,,,,,,,,,,,,,
居座る,留め置く,留どまる,居坐る,居残る,留る,止どまる,居すわる,居据わる,,,,,,,,,,,,,,,,,,,,,,,,,,,,,,,,,,,
擦り付ける,擦る,揉む,擂る,押し揉む,摩る,押揉む,擦付ける,摩する,磨る,,,,,,,,,,,,,,,,,,,,,,,,,,,,,,,,,,
引き延ばす,引き伸ばす,引き伸す,ひきのばす,引延ばす,引伸ばす,引き延す,,,,,,,,,,,,,,,,,,,,,,,,,,,,,,,,,,,,,
蔓延る,広まる,鳴り響く,拡がる,伝わる,鳴りひびく,弘まる,行渡る,,,,,,,,,,,,,,,,,,,,,,,,,,,,,,,,,,,,
掠める,,,,,,,,,,,,,,,,,,,,,,,,,,,,,,,,,,,,,,,,,,,
水溜まり,水たまり,淀,水溜り,,,,,,,,,,,,,,,,,,,,,,,,,,,,,,,,,,,,,,,,
足枷,足かせ,障り,横やり,差し障り,干渉,口出し,横槍,雑音,手出し,癌,沮止,足手纏い,さ障り,差しさわり,お荷物,妨碍,差支,差障り,足まとい,足纏い,魔障,手足纏い,口だし,お邪魔,御荷物,足手まとい,手足まとい,差し合い,,,,,,,,,,,,,,,
赤ん坊,赤子,赤ちゃん,ベビー,ベイビー,嬰児,赤児,赤んぼう,アカチャン,あかちゃん,,,,,,,,,,,,,,,,,,,,,,,,,,,,,,,,,,
立ち塞がる,立ちはだかる,立ちふさがる,阻む,妨げる,抑える,差し支える,断切る,抑えつける,沮む,断截る,立塞る,差し障る,差支える,堰く,差しつかえる,差しさわる,差障る,立塞がる,,,,,,,,,,,,,,,,,,,,,,,,,
職安,ハロワ,,,,,,,,,,,,,,,,,,,,,,,,,,,,,,,,,,,,,,,,,,
必定,,,,,,,,,,,,,,,,,,,,,,,,,,,,,,,,,,,,,,,,,,,
土埃,砂塵,ほこり,風塵,塵埃,ダスト,微塵,砂ぼこり,,,,,,,,,,,,,,,,,,,,,,,,,,,,,,,,,,,,
見境,判別,弁別,識別,鑑別,見分,甄別,,,,,,,,,,,,,,,,,,,,,,,,,,,,,,,,,,,,,
擦り傷,かすり疵,かすり傷,擦傷,掠り傷,擦り疵,掠疵,擦痕,擦疵,掠傷,,,,,,,,,,,,,,,,,,,,,,,,,,,,,,,,,,
暴き出す,発く,透破抜き,あばき出す,素破抜き,すっぱ抜く,透っ破抜き,暴きたてる,素っ破抜く,素破抜く,,,,,,,,,,,,,,,,,,,,,,,,,,,,,,,,,,
淋病,,,,,,,,,,,,,,,,,,,,,,,,,,,,,,,,,,,,,,,,,,,
膨満,膨張,,,,,,,,,,,,,,,,,,,,,,,,,,,,,,,,,,,,,,,,,,
ルサンチマン,るさんちまん,,,,,,,,,,,,,,,,,,,,,,,,,,,,,,,,,,,,,,,,,,
ふーりがん,,,,,,,,,,,,,,,,,,,,,,,,,,,,,,,,,,,,,,,,,,,
ネオナチ,ねおなち,,,,,,,,,,,,,,,,,,,,,,,,,,,,,,,,,,,,,,,,,,
雪ぐ,洗う,ゆすぐ,,,,,,,,,,,,,,,,,,,,,,,,,,,,,,,,,,,,,,,,,
スターリニスト,すたーりにすと,,,,,,,,,,,,,,,,,,,,,,,,,,,,,,,,,,,,,,,,,,
クロロキン,くろろきん,,,,,,,,,,,,,,,,,,,,,,,,,,,,,,,,,,,,,,,,,,
癲狂,,,,,,,,,,,,,,,,,,,,,,,,,,,,,,,,,,,,,,,,,,,
メタンフェタミン,,,,,,,,,,,,,,,,,,,,,,,,,,,,,,,,,,,,,,,,,,,
バルビタール,ばるびたーる,,,,,,,,,,,,,,,,,,,,,,,,,,,,,,,,,,,,,,,,,,
アンバランス,不均衡,インバランス,不釣り合い,,,,,,,,,,,,,,,,,,,,,,,,,,,,,,,,,,,,,,,,
不徹底,不備,不全,片羽,,,,,,,,,,,,,,,,,,,,,,,,,,,,,,,,,,,,,,,,
乳飲み子,ちのみこ,,,,,,,,,,,,,,,,,,,,,,,,,,,,,,,,,,,,,,,,,,
ロベスピエール,ろべすぴえーる,,,,,,,,,,,,,,,,,,,,,,,,,,,,,,,,,,,,,,,,,,
言いよう,,,,,,,,,,,,,,,,,,,,,,,,,,,,,,,,,,,,,,,,,,,
不経済,勿体ない,勿体無い,物体ない,物体無い,,,,,,,,,,,,,,,,,,,,,,,,,,,,,,,,,,,,,,,
青酸カリ,せーさんかり,,,,,,,,,,,,,,,,,,,,,,,,,,,,,,,,,,,,,,,,,,
突っぱねる,蹴る,突っ撥ねる,つっぱねる,拒否る,,,,,,,,,,,,,,,,,,,,,,,,,,,,,,,,,,,,,,,
戯れる,戯る,軽く扱う,,,,,,,,,,,,,,,,,,,,,,,,,,,,,,,,,,,,,,,,,
古臭い,ふるくさい,,,,,,,,,,,,,,,,,,,,,,,,,,,,,,,,,,,,,,,,,,
下らない,,,,,,,,,,,,,,,,,,,,,,,,,,,,,,,,,,,,,,,,,,,
徹底的,満遍なく,まんべんなく,満遍無く,,,,,,,,,,,,,,,,,,,,,,,,,,,,,,,,,,,,,,,,
うかつ,,,,,,,,,,,,,,,,,,,,,,,,,,,,,,,,,,,,,,,,,,,
人道主義的,ヒューマニスティック,,,,,,,,,,,,,,,,,,,,,,,,,,,,,,,,,,,,,,,,,,
